bank;category_title;mcc;note
Альфа-Банк;АЗС;3990;
Альфа-Банк;АЗС;5172;
Альфа-Банк;АЗС;5541;
Альфа-Банк;АЗС;5542;
Альфа-Банк;АЗС;5552;
Альфа-Банк;АЗС;5983;
Альфа-Банк;АЗС;9752;
Альфа-Банк;Авто;4784;
Альфа-Банк;Авто;5013;
Альфа-Банк;Авто;5271;
Альфа-Банк;Авто;5511;
Альфа-Банк;Авто;5521;
Альфа-Банк;Авто;5531;
Альфа-Банк;Авто;5532;
Альфа-Банк;Авто;5533;
Альфа-Банк;Авто;5551;
Альфа-Банк;Авто;5561;
Альфа-Банк;Авто;5571;
Альфа-Банк;Авто;5592;
Альфа-Банк;Авто;5598;
Альфа-Банк;Авто;5599;
Альфа-Банк;Авто;7511;
Альфа-Банк;Авто;7523;
Альфа-Банк;Авто;7531;
Альфа-Банк;Авто;7534;
Альфа-Банк;Авто;7535;
Альфа-Банк;Авто;7538;
Альфа-Банк;Авто;7542;
Альфа-Банк;Авто;7549;
Альфа-Банк;Автозапчасти;5013;
Альфа-Банк;Автозапчасти;5271;
Альфа-Банк;Автозапчасти;5511;
Альфа-Банк;Автозапчасти;5531;
Альфа-Банк;Автозапчасти;5532;
Альфа-Банк;Автозапчасти;5533;
Альфа-Банк;Автоуслуги;4784;
Альфа-Банк;Автоуслуги;5521;
Альфа-Банк;Автоуслуги;5551;
Альфа-Банк;Автоуслуги;5561;
Альфа-Банк;Автоуслуги;5571;
Альфа-Банк;Автоуслуги;5592;
Альфа-Банк;Автоуслуги;5598;
Альфа-Банк;Автоуслуги;5599;
Альфа-Банк;Автоуслуги;7511;
Альфа-Банк;Автоуслуги;7523;
Альфа-Банк;Автоуслуги;7531;
Альфа-Банк;Автоуслуги;7534;
Альфа-Банк;Автоуслуги;7535;
Альфа-Банк;Автоуслуги;7538;
Альфа-Банк;Автоуслуги;7542;
Альфа-Банк;Автоуслуги;7549;
Альфа-Банк;Активный отдых;7032;
Альфа-Банк;Активный отдых;7932;
Альфа-Банк;Активный отдых;7933;
Альфа-Банк;Активный отдых;7941;
Альфа-Банк;Активный отдых;7992;
Альфа-Банк;Активный отдых;7996;
Альфа-Банк;Активный отдых;7997;
Альфа-Банк;Активный отдых;7998;
Альфа-Банк;Активный отдых;7999;
Альфа-Банк;Алкоголь;5921;
Альфа-Банк;Альфа-Афиша;7922;
Альфа-Банк;Альфа-Тревел;4722;покупки на сайте travel.alfabank.ru или в Разделе Путешествия мобильного банка
Альфа-Банк;Аптеки;4119;
Альфа-Банк;Аптеки;5047;
Альфа-Банк;Аптеки;5122;
Альфа-Банк;Аптеки;5912;
Альфа-Банк;Аптеки;5975;
Альфа-Банк;Аптеки;5976;
Альфа-Банк;Аптеки;8011;
Альфа-Банк;Аптеки;8021;
Альфа-Банк;Аптеки;8031;
Альфа-Банк;Аптеки;8041;
Альфа-Банк;Аптеки;8042;
Альфа-Банк;Аптеки;8043;
Альфа-Банк;Аптеки;8044;
Альфа-Банк;Аптеки;8049;
Альфа-Банк;Аптеки;8050;
Альфа-Банк;Аптеки;8062;
Альфа-Банк;Аптеки;8071;
Альфа-Банк;Аптеки;8099;
Альфа-Банк;Аренда авто;3351;
Альфа-Банк;Аренда авто;3352;
Альфа-Банк;Аренда авто;3353;
Альфа-Банк;Аренда авто;3354;
Альфа-Банк;Аренда авто;3355;
Альфа-Банк;Аренда авто;3356;
Альфа-Банк;Аренда авто;3357;
Альфа-Банк;Аренда авто;3358;
Альфа-Банк;Аренда авто;3359;
Альфа-Банк;Аренда авто;3360;
Альфа-Банк;Аренда авто;3361;
Альфа-Банк;Аренда авто;3362;
Альфа-Банк;Аренда авто;3363;
Альфа-Банк;Аренда авто;3364;
Альфа-Банк;Аренда авто;3365;
Альфа-Банк;Аренда авто;3366;
Альфа-Банк;Аренда авто;3367;
Альфа-Банк;Аренда авто;3368;
Альфа-Банк;Аренда авто;3369;
Альфа-Банк;Аренда авто;3370;
Альфа-Банк;Аренда авто;3371;
Альфа-Банк;Аренда авто;3372;
Альфа-Банк;Аренда авто;3373;
Альфа-Банк;Аренда авто;3374;
Альфа-Банк;Аренда авто;3375;
Альфа-Банк;Аренда авто;3376;
Альфа-Банк;Аренда авто;3377;
Альфа-Банк;Аренда авто;3378;
Альфа-Банк;Аренда авто;3379;
Альфа-Банк;Аренда авто;3380;
Альфа-Банк;Аренда авто;3381;
Альфа-Банк;Аренда авто;3382;
Альфа-Банк;Аренда авто;3383;
Альфа-Банк;Аренда авто;3384;
Альфа-Банк;Аренда авто;3385;
Альфа-Банк;Аренда авто;3386;
Альфа-Банк;Аренда авто;3387;
Альфа-Банк;Аренда авто;3388;
Альфа-Банк;Аренда авто;3389;
Альфа-Банк;Аренда авто;3390;
Альфа-Банк;Аренда авто;3391;
Альфа-Банк;Аренда авто;3392;
Альфа-Банк;Аренда авто;3393;
Альфа-Банк;Аренда авто;3394;
Альфа-Банк;Аренда авто;3395;
Альфа-Банк;Аренда авто;3396;
Альфа-Банк;Аренда авто;3397;
Альфа-Банк;Аренда авто;3398;
Альфа-Банк;Аренда авто;3400;
Альфа-Банк;Аренда авто;3401;
Альфа-Банк;Аренда авто;3402;
Альфа-Банк;Аренда авто;3403;
Альфа-Банк;Аренда авто;3404;
Альфа-Банк;Аренда авто;3405;
Альфа-Банк;Аренда авто;3406;
Альфа-Банк;Аренда авто;3407;
Альфа-Банк;Аренда авто;3408;
Альфа-Банк;Аренда авто;3409;
Альфа-Банк;Аренда авто;3410;
Альфа-Банк;Аренда авто;3412;
Альфа-Банк;Аренда авто;3413;
Альфа-Банк;Аренда авто;3414;
Альфа-Банк;Аренда авто;3415;
Альфа-Банк;Аренда авто;3416;
Альфа-Банк;Аренда авто;3417;
Альфа-Банк;Аренда авто;3418;
Альфа-Банк;Аренда авто;3419;
Альфа-Банк;Аренда авто;3420;
Альфа-Банк;Аренда авто;3421;
Альфа-Банк;Аренда авто;3422;
Альфа-Банк;Аренда авто;3423;
Альфа-Банк;Аренда авто;3425;
Альфа-Банк;Аренда авто;3426;
Альфа-Банк;Аренда авто;3427;
Альфа-Банк;Аренда авто;3428;
Альфа-Банк;Аренда авто;3429;
Альфа-Банк;Аренда авто;3430;
Альфа-Банк;Аренда авто;3431;
Альфа-Банк;Аренда авто;3432;
Альфа-Банк;Аренда авто;3433;
Альфа-Банк;Аренда авто;3434;
Альфа-Банк;Аренда авто;3435;
Альфа-Банк;Аренда авто;3436;
Альфа-Банк;Аренда авто;3437;
Альфа-Банк;Аренда авто;3438;
Альфа-Банк;Аренда авто;3439;
Альфа-Банк;Аренда авто;3441;
Альфа-Банк;Аренда авто;3990;
Альфа-Банк;Аренда авто;7512;
Альфа-Банк;Аренда авто;7513;
Альфа-Банк;Аренда авто;7519;
Альфа-Банк;Детские товары;5641;
Альфа-Банк;Детские товары;5945;
Альфа-Банк;Дом и ремонт;0780;
Альфа-Банк;Дом и ремонт;1520;
Альфа-Банк;Дом и ремонт;1711;
Альфа-Банк;Дом и ремонт;1731;
Альфа-Банк;Дом и ремонт;1740;
Альфа-Банк;Дом и ремонт;1750;
Альфа-Банк;Дом и ремонт;1761;
Альфа-Банк;Дом и ремонт;1771;
Альфа-Банк;Дом и ремонт;2842;
Альфа-Банк;Дом и ремонт;3990;
Альфа-Банк;Дом и ремонт;5021;
Альфа-Банк;Дом и ремонт;5039;
Альфа-Банк;Дом и ремонт;5046;
Альфа-Банк;Дом и ремонт;5051;
Альфа-Банк;Дом и ремонт;5072;
Альфа-Банк;Дом и ремонт;5074;
Альфа-Банк;Дом и ремонт;5085;
Альфа-Банк;Дом и ремонт;5198;
Альфа-Банк;Дом и ремонт;5200;
Альфа-Банк;Дом и ремонт;5211;
Альфа-Банк;Дом и ремонт;5231;
Альфа-Банк;Дом и ремонт;5251;
Альфа-Банк;Дом и ремонт;5261;
Альфа-Банк;Дом и ремонт;5712;
Альфа-Банк;Дом и ремонт;5713;
Альфа-Банк;Дом и ремонт;5714;
Альфа-Банк;Дом и ремонт;5718;
Альфа-Банк;Дом и ремонт;5719;
Альфа-Банк;Дом и ремонт;5950;
Альфа-Банк;Дом и ремонт;5996;
Альфа-Банк;Дом и ремонт;7217;
Альфа-Банк;Дом и ремонт;7641;
Альфа-Банк;Дом и ремонт;7692;
Альфа-Банк;Дом и ремонт;7699;
Альфа-Банк;Животные;0742;
Альфа-Банк;Животные;5995;
Альфа-Банк;Здоровье;4119;
Альфа-Банк;Здоровье;5047;
Альфа-Банк;Здоровье;5122;
Альфа-Банк;Здоровье;5912;
Альфа-Банк;Здоровье;5975;
Альфа-Банк;Здоровье;5976;
Альфа-Банк;Здоровье;8011;
Альфа-Банк;Здоровье;8021;
Альфа-Банк;Здоровье;8031;
Альфа-Банк;Здоровье;8041;
Альфа-Банк;Здоровье;8042;
Альфа-Банк;Здоровье;8043;
Альфа-Банк;Здоровье;8044;
Альфа-Банк;Здоровье;8049;
Альфа-Банк;Здоровье;8050;
Альфа-Банк;Здоровье;8062;
Альфа-Банк;Здоровье;8071;
Альфа-Банк;Здоровье;8099;
Альфа-Банк;Кафе и рестораны;3990;
Альфа-Банк;Кафе и рестораны;5811;
Альфа-Банк;Кафе и рестораны;5812;
Альфа-Банк;Кафе и рестораны;5813;
Альфа-Банк;Книги;2741;
Альфа-Банк;Книги;5111;
Альфа-Банк;Книги;5192;
Альфа-Банк;Книги;5942;
Альфа-Банк;Книги;5943;
Альфа-Банк;Книги;5994;
Альфа-Банк;Коммунальные услуги;4900;
Альфа-Банк;Красота;5977;
Альфа-Банк;Красота;7230;
Альфа-Банк;Красота;7297;
Альфа-Банк;Красота;7298;
Альфа-Банк;Маркетплейсы;3990;
Альфа-Банк;Маркетплейсы;3991;
Альфа-Банк;Маркетплейсы;5262;
Альфа-Банк;Маркетплейсы;5300;
Альфа-Банк;Маркетплейсы;5399;
Альфа-Банк;Маркетплейсы;5964;
Альфа-Банк;Медицинские услуги;4119;
Альфа-Банк;Медицинские услуги;5047;
Альфа-Банк;Медицинские услуги;8011;
Альфа-Банк;Медицинские услуги;8021;
Альфа-Банк;Медицинские услуги;8031;
Альфа-Банк;Медицинские услуги;8041;
Альфа-Банк;Медицинские услуги;8042;
Альфа-Банк;Медицинские услуги;8043;
Альфа-Банк;Медицинские услуги;8049;
Альфа-Банк;Медицинские услуги;8050;
Альфа-Банк;Медицинские услуги;8062;
Альфа-Банк;Медицинские услуги;8071;
Альфа-Банк;Медицинские услуги;8099;
Альфа-Банк;Образование;3990;
Альфа-Банк;Образование;8211;
Альфа-Банк;Образование;8220;
Альфа-Банк;Образование;8241;
Альфа-Банк;Образование;8244;
Альфа-Банк;Образование;8249;
Альфа-Банк;Образование;8299;
Альфа-Банк;Образование;8351;
Альфа-Банк;Одежда и обувь;5137;
Альфа-Банк;Одежда и обувь;5139;
Альфа-Банк;Одежда и обувь;5611;
Альфа-Банк;Одежда и обувь;5621;
Альфа-Банк;Одежда и обувь;5631;
Альфа-Банк;Одежда и обувь;5641;
Альфа-Банк;Одежда и обувь;5651;
Альфа-Банк;Одежда и обувь;5661;
Альфа-Банк;Одежда и обувь;5681;
Альфа-Банк;Одежда и обувь;5691;
Альфа-Банк;Одежда и обувь;5697;
Альфа-Банк;Одежда и обувь;5698;
Альфа-Банк;Одежда и обувь;5699;
Альфа-Банк;Одежда и обувь;5931;
Альфа-Банк;Одежда и обувь;5948;
Альфа-Банк;Одежда и обувь;7251;
Альфа-Банк;Одежда и обувь;7296;
Альфа-Банк;Одежда и обувь;7631;
Альфа-Банк;Продукты;3990;
Альфа-Банк;Продукты;3991;
Альфа-Банк;Продукты;5262;
Альфа-Банк;Продукты;5300;
Альфа-Банк;Продукты;5310;
Альфа-Банк;Продукты;5311;
Альфа-Банк;Продукты;5331;
Альфа-Банк;Продукты;5399;
Альфа-Банк;Продукты;5411;
Альфа-Банк;Продукты;5422;
Альфа-Банк;Продукты;5441;
Альфа-Банк;Продукты;5451;
Альфа-Банк;Продукты;5462;
Альфа-Банк;Продукты;5499;
Альфа-Банк;Продукты;5964;
Альфа-Банк;Продукты;7278;
Альфа-Банк;Продукты;9751;
Альфа-Банк;Путешествия;3000;
Альфа-Банк;Путешествия;3001;
Альфа-Банк;Путешествия;3002;
Альфа-Банк;Путешествия;3003;
Альфа-Банк;Путешествия;3004;
Альфа-Банк;Путешествия;3005;
Альфа-Банк;Путешествия;3006;
Альфа-Банк;Путешествия;3007;
Альфа-Банк;Путешествия;3008;
Альфа-Банк;Путешествия;3009;
Альфа-Банк;Путешествия;3010;
Альфа-Банк;Путешествия;3011;
Альфа-Банк;Путешествия;3012;
Альфа-Банк;Путешествия;3013;
Альфа-Банк;Путешествия;3014;
Альфа-Банк;Путешествия;3015;
Альфа-Банк;Путешествия;3016;
Альфа-Банк;Путешествия;3017;
Альфа-Банк;Путешествия;3018;
Альфа-Банк;Путешествия;3019;
Альфа-Банк;Путешествия;3020;
Альфа-Банк;Путешествия;3021;
Альфа-Банк;Путешествия;3022;
Альфа-Банк;Путешествия;3023;
Альфа-Банк;Путешествия;3024;
Альфа-Банк;Путешествия;3025;
Альфа-Банк;Путешествия;3026;
Альфа-Банк;Путешествия;3027;
Альфа-Банк;Путешествия;3028;
Альфа-Банк;Путешествия;3029;
Альфа-Банк;Путешествия;3030;
Альфа-Банк;Путешествия;3031;
Альфа-Банк;Путешествия;3032;
Альфа-Банк;Путешествия;3033;
Альфа-Банк;Путешествия;3034;
Альфа-Банк;Путешествия;3035;
Альфа-Банк;Путешествия;3036;
Альфа-Банк;Путешествия;3037;
Альфа-Банк;Путешествия;3038;
Альфа-Банк;Путешествия;3039;
Альфа-Банк;Путешествия;3040;
Альфа-Банк;Путешествия;3041;
Альфа-Банк;Путешествия;3042;
Альфа-Банк;Путешествия;3043;
Альфа-Банк;Путешествия;3044;
Альфа-Банк;Путешествия;3045;
Альфа-Банк;Путешествия;3046;
Альфа-Банк;Путешествия;3047;
Альфа-Банк;Путешествия;3048;
Альфа-Банк;Путешествия;3049;
Альфа-Банк;Путешествия;3050;
Альфа-Банк;Путешествия;3051;
Альфа-Банк;Путешествия;3052;
Альфа-Банк;Путешествия;3053;
Альфа-Банк;Путешествия;3054;
Альфа-Банк;Путешествия;3055;
Альфа-Банк;Путешествия;3056;
Альфа-Банк;Путешествия;3057;
Альфа-Банк;Путешествия;3058;
Альфа-Банк;Путешествия;3059;
Альфа-Банк;Путешествия;3060;
Альфа-Банк;Путешествия;3061;
Альфа-Банк;Путешествия;3062;
Альфа-Банк;Путешествия;3063;
Альфа-Банк;Путешествия;3064;
Альфа-Банк;Путешествия;3065;
Альфа-Банк;Путешествия;3066;
Альфа-Банк;Путешествия;3067;
Альфа-Банк;Путешествия;3068;
Альфа-Банк;Путешествия;3069;
Альфа-Банк;Путешествия;3071;
Альфа-Банк;Путешествия;3072;
Альфа-Банк;Путешествия;3073;
Альфа-Банк;Путешествия;3075;
Альфа-Банк;Путешествия;3076;
Альфа-Банк;Путешествия;3077;
Альфа-Банк;Путешествия;3078;
Альфа-Банк;Путешествия;3079;
Альфа-Банк;Путешествия;3081;
Альфа-Банк;Путешествия;3082;
Альфа-Банк;Путешествия;3083;
Альфа-Банк;Путешествия;3084;
Альфа-Банк;Путешествия;3085;
Альфа-Банк;Путешествия;3086;
Альфа-Банк;Путешествия;3087;
Альфа-Банк;Путешествия;3088;
Альфа-Банк;Путешествия;3089;
Альфа-Банк;Путешествия;3090;
Альфа-Банк;Путешествия;3092;
Альфа-Банк;Путешествия;3093;
Альфа-Банк;Путешествия;3094;
Альфа-Банк;Путешествия;3095;
Альфа-Банк;Путешествия;3096;
Альфа-Банк;Путешествия;3097;
Альфа-Банк;Путешествия;3098;
Альфа-Банк;Путешествия;3099;
Альфа-Банк;Путешествия;3100;
Альфа-Банк;Путешествия;3101;
Альфа-Банк;Путешествия;3102;
Альфа-Банк;Путешествия;3103;
Альфа-Банк;Путешествия;3104;
Альфа-Банк;Путешествия;3105;
Альфа-Банк;Путешествия;3106;
Альфа-Банк;Путешествия;3107;
Альфа-Банк;Путешествия;3109;
Альфа-Банк;Путешествия;3110;
Альфа-Банк;Путешествия;3111;
Альфа-Банк;Путешествия;3112;
Альфа-Банк;Путешествия;3113;
Альфа-Банк;Путешествия;3114;
Альфа-Банк;Путешествия;3115;
Альфа-Банк;Путешествия;3116;
Альфа-Банк;Путешествия;3117;
Альфа-Банк;Путешествия;3118;
Альфа-Банк;Путешествия;3119;
Альфа-Банк;Путешествия;3120;
Альфа-Банк;Путешествия;3121;
Альфа-Банк;Путешествия;3122;
Альфа-Банк;Путешествия;3123;
Альфа-Банк;Путешествия;3124;
Альфа-Банк;Путешествия;3125;
Альфа-Банк;Путешествия;3126;
Альфа-Банк;Путешествия;3127;
Альфа-Банк;Путешествия;3128;
Альфа-Банк;Путешествия;3129;
Альфа-Банк;Путешествия;3130;
Альфа-Банк;Путешествия;3131;
Альфа-Банк;Путешествия;3132;
Альфа-Банк;Путешествия;3133;
Альфа-Банк;Путешествия;3134;
Альфа-Банк;Путешествия;3135;
Альфа-Банк;Путешествия;3136;
Альфа-Банк;Путешествия;3137;
Альфа-Банк;Путешествия;3138;
Альфа-Банк;Путешествия;3139;
Альфа-Банк;Путешествия;3140;
Альфа-Банк;Путешествия;3141;
Альфа-Банк;Путешествия;3142;
Альфа-Банк;Путешествия;3143;
Альфа-Банк;Путешествия;3144;
Альфа-Банк;Путешествия;3145;
Альфа-Банк;Путешествия;3146;
Альфа-Банк;Путешествия;3147;
Альфа-Банк;Путешествия;3148;
Альфа-Банк;Путешествия;3150;
Альфа-Банк;Путешествия;3151;
Альфа-Банк;Путешествия;3152;
Альфа-Банк;Путешествия;3153;
Альфа-Банк;Путешествия;3154;
Альфа-Банк;Путешествия;3155;
Альфа-Банк;Путешествия;3156;
Альфа-Банк;Путешествия;3157;
Альфа-Банк;Путешествия;3158;
Альфа-Банк;Путешествия;3159;
Альфа-Банк;Путешествия;3160;
Альфа-Банк;Путешествия;3161;
Альфа-Банк;Путешествия;3162;
Альфа-Банк;Путешествия;3163;
Альфа-Банк;Путешествия;3164;
Альфа-Банк;Путешествия;3165;
Альфа-Банк;Путешествия;3166;
Альфа-Банк;Путешествия;3167;
Альфа-Банк;Путешествия;3168;
Альфа-Банк;Путешествия;3169;
Альфа-Банк;Путешествия;3170;
Альфа-Банк;Путешествия;3171;
Альфа-Банк;Путешествия;3172;
Альфа-Банк;Путешествия;3173;
Альфа-Банк;Путешествия;3174;
Альфа-Банк;Путешествия;3175;
Альфа-Банк;Путешествия;3176;
Альфа-Банк;Путешествия;3177;
Альфа-Банк;Путешествия;3178;
Альфа-Банк;Путешествия;3179;
Альфа-Банк;Путешествия;3180;
Альфа-Банк;Путешествия;3181;
Альфа-Банк;Путешествия;3182;
Альфа-Банк;Путешествия;3183;
Альфа-Банк;Путешествия;3184;
Альфа-Банк;Путешествия;3185;
Альфа-Банк;Путешествия;3186;
Альфа-Банк;Путешествия;3187;
Альфа-Банк;Путешествия;3188;
Альфа-Банк;Путешествия;3189;
Альфа-Банк;Путешествия;3190;
Альфа-Банк;Путешествия;3191;
Альфа-Банк;Путешествия;3192;
Альфа-Банк;Путешествия;3193;
Альфа-Банк;Путешествия;3194;
Альфа-Банк;Путешествия;3195;
Альфа-Банк;Путешествия;3196;
Альфа-Банк;Путешествия;3197;
Альфа-Банк;Путешествия;3198;
Альфа-Банк;Путешествия;3199;
Альфа-Банк;Путешествия;3200;
Альфа-Банк;Путешествия;3201;
Альфа-Банк;Путешествия;3202;
Альфа-Банк;Путешествия;3203;
Альфа-Банк;Путешествия;3204;
Альфа-Банк;Путешествия;3205;
Альфа-Банк;Путешествия;3206;
Альфа-Банк;Путешествия;3207;
Альфа-Банк;Путешествия;3208;
Альфа-Банк;Путешествия;3209;
Альфа-Банк;Путешествия;3210;
Альфа-Банк;Путешествия;3211;
Альфа-Банк;Путешествия;3212;
Альфа-Банк;Путешествия;3213;
Альфа-Банк;Путешествия;3214;
Альфа-Банк;Путешествия;3215;
Альфа-Банк;Путешествия;3216;
Альфа-Банк;Путешествия;3217;
Альфа-Банк;Путешествия;3218;
Альфа-Банк;Путешествия;3219;
Альфа-Банк;Путешествия;3220;
Альфа-Банк;Путешествия;3221;
Альфа-Банк;Путешествия;3222;
Альфа-Банк;Путешествия;3223;
Альфа-Банк;Путешествия;3224;
Альфа-Банк;Путешествия;3225;
Альфа-Банк;Путешествия;3226;
Альфа-Банк;Путешествия;3227;
Альфа-Банк;Путешествия;3228;
Альфа-Банк;Путешествия;3229;
Альфа-Банк;Путешествия;3230;
Альфа-Банк;Путешествия;3231;
Альфа-Банк;Путешествия;3232;
Альфа-Банк;Путешествия;3233;
Альфа-Банк;Путешествия;3234;
Альфа-Банк;Путешествия;3235;
Альфа-Банк;Путешествия;3236;
Альфа-Банк;Путешествия;3237;
Альфа-Банк;Путешествия;3238;
Альфа-Банк;Путешествия;3239;
Альфа-Банк;Путешествия;3240;
Альфа-Банк;Путешествия;3241;
Альфа-Банк;Путешествия;3242;
Альфа-Банк;Путешествия;3243;
Альфа-Банк;Путешествия;3244;
Альфа-Банк;Путешествия;3245;
Альфа-Банк;Путешествия;3246;
Альфа-Банк;Путешествия;3247;
Альфа-Банк;Путешествия;3248;
Альфа-Банк;Путешествия;3249;
Альфа-Банк;Путешествия;3250;
Альфа-Банк;Путешествия;3251;
Альфа-Банк;Путешествия;3252;
Альфа-Банк;Путешествия;3253;
Альфа-Банк;Путешествия;3254;
Альфа-Банк;Путешествия;3256;
Альфа-Банк;Путешествия;3257;
Альфа-Банк;Путешествия;3258;
Альфа-Банк;Путешествия;3259;
Альфа-Банк;Путешествия;3260;
Альфа-Банк;Путешествия;3261;
Альфа-Банк;Путешествия;3262;
Альфа-Банк;Путешествия;3263;
Альфа-Банк;Путешествия;3264;
Альфа-Банк;Путешествия;3265;
Альфа-Банк;Путешествия;3266;
Альфа-Банк;Путешествия;3267;
Альфа-Банк;Путешествия;3268;
Альфа-Банк;Путешествия;3270;
Альфа-Банк;Путешествия;3274;
Альфа-Банк;Путешествия;3275;
Альфа-Банк;Путешествия;3276;
Альфа-Банк;Путешествия;3277;
Альфа-Банк;Путешествия;3278;
Альфа-Банк;Путешествия;3279;
Альфа-Банк;Путешествия;3280;
Альфа-Банк;Путешествия;3281;
Альфа-Банк;Путешествия;3282;
Альфа-Банк;Путешествия;3283;
Альфа-Банк;Путешествия;3284;
Альфа-Банк;Путешествия;3285;
Альфа-Банк;Путешествия;3286;
Альфа-Банк;Путешествия;3287;
Альфа-Банк;Путешествия;3288;
Альфа-Банк;Путешествия;3289;
Альфа-Банк;Путешествия;3290;
Альфа-Банк;Путешествия;3291;
Альфа-Банк;Путешествия;3292;
Альфа-Банк;Путешествия;3293;
Альфа-Банк;Путешествия;3294;
Альфа-Банк;Путешествия;3295;
Альфа-Банк;Путешествия;3296;
Альфа-Банк;Путешествия;3297;
Альфа-Банк;Путешествия;3298;
Альфа-Банк;Путешествия;3299;
Альфа-Банк;Путешествия;3300;
Альфа-Банк;Путешествия;3301;
Альфа-Банк;Путешествия;3302;
Альфа-Банк;Путешествия;3501;
Альфа-Банк;Путешествия;3502;
Альфа-Банк;Путешествия;3503;
Альфа-Банк;Путешествия;3504;
Альфа-Банк;Путешествия;3505;
Альфа-Банк;Путешествия;3506;
Альфа-Банк;Путешествия;3507;
Альфа-Банк;Путешествия;3508;
Альфа-Банк;Путешествия;3509;
Альфа-Банк;Путешествия;3510;
Альфа-Банк;Путешествия;3511;
Альфа-Банк;Путешествия;3512;
Альфа-Банк;Путешествия;3513;
Альфа-Банк;Путешествия;3514;
Альфа-Банк;Путешествия;3515;
Альфа-Банк;Путешествия;3516;
Альфа-Банк;Путешествия;3517;
Альфа-Банк;Путешествия;3518;
Альфа-Банк;Путешествия;3519;
Альфа-Банк;Путешествия;3520;
Альфа-Банк;Путешествия;3521;
Альфа-Банк;Путешествия;3522;
Альфа-Банк;Путешествия;3523;
Альфа-Банк;Путешествия;3524;
Альфа-Банк;Путешествия;3525;
Альфа-Банк;Путешествия;3526;
Альфа-Банк;Путешествия;3527;
Альфа-Банк;Путешествия;3528;
Альфа-Банк;Путешествия;3529;
Альфа-Банк;Путешествия;3530;
Альфа-Банк;Путешествия;3531;
Альфа-Банк;Путешествия;3532;
Альфа-Банк;Путешествия;3533;
Альфа-Банк;Путешествия;3534;
Альфа-Банк;Путешествия;3535;
Альфа-Банк;Путешествия;3536;
Альфа-Банк;Путешествия;3537;
Альфа-Банк;Путешествия;3538;
Альфа-Банк;Путешествия;3539;
Альфа-Банк;Путешествия;3540;
Альфа-Банк;Путешествия;3541;
Альфа-Банк;Путешествия;3542;
Альфа-Банк;Путешествия;3543;
Альфа-Банк;Путешествия;3544;
Альфа-Банк;Путешествия;3545;
Альфа-Банк;Путешествия;3546;
Альфа-Банк;Путешествия;3547;
Альфа-Банк;Путешествия;3548;
Альфа-Банк;Путешествия;3549;
Альфа-Банк;Путешествия;3550;
Альфа-Банк;Путешествия;3551;
Альфа-Банк;Путешествия;3552;
Альфа-Банк;Путешествия;3553;
Альфа-Банк;Путешествия;3554;
Альфа-Банк;Путешествия;3555;
Альфа-Банк;Путешествия;3556;
Альфа-Банк;Путешествия;3557;
Альфа-Банк;Путешествия;3558;
Альфа-Банк;Путешествия;3559;
Альфа-Банк;Путешествия;3560;
Альфа-Банк;Путешествия;3561;
Альфа-Банк;Путешествия;3562;
Альфа-Банк;Путешествия;3563;
Альфа-Банк;Путешествия;3564;
Альфа-Банк;Путешествия;3565;
Альфа-Банк;Путешествия;3566;
Альфа-Банк;Путешествия;3567;
Альфа-Банк;Путешествия;3568;
Альфа-Банк;Путешествия;3569;
Альфа-Банк;Путешествия;3570;
Альфа-Банк;Путешествия;3571;
Альфа-Банк;Путешествия;3572;
Альфа-Банк;Путешествия;3573;
Альфа-Банк;Путешествия;3574;
Альфа-Банк;Путешествия;3575;
Альфа-Банк;Путешествия;3576;
Альфа-Банк;Путешествия;3577;
Альфа-Банк;Путешествия;3578;
Альфа-Банк;Путешествия;3579;
Альфа-Банк;Путешествия;3580;
Альфа-Банк;Путешествия;3581;
Альфа-Банк;Путешествия;3582;
Альфа-Банк;Путешествия;3583;
Альфа-Банк;Путешествия;3584;
Альфа-Банк;Путешествия;3585;
Альфа-Банк;Путешествия;3586;
Альфа-Банк;Путешествия;3587;
Альфа-Банк;Путешествия;3588;
Альфа-Банк;Путешествия;3589;
Альфа-Банк;Путешествия;3590;
Альфа-Банк;Путешествия;3591;
Альфа-Банк;Путешествия;3592;
Альфа-Банк;Путешествия;3593;
Альфа-Банк;Путешествия;3594;
Альфа-Банк;Путешествия;3595;
Альфа-Банк;Путешествия;3596;
Альфа-Банк;Путешествия;3597;
Альфа-Банк;Путешествия;3598;
Альфа-Банк;Путешествия;3599;
Альфа-Банк;Путешествия;3600;
Альфа-Банк;Путешествия;3601;
Альфа-Банк;Путешествия;3602;
Альфа-Банк;Путешествия;3603;
Альфа-Банк;Путешествия;3604;
Альфа-Банк;Путешествия;3605;
Альфа-Банк;Путешествия;3606;
Альфа-Банк;Путешествия;3607;
Альфа-Банк;Путешествия;3608;
Альфа-Банк;Путешествия;3609;
Альфа-Банк;Путешествия;3610;
Альфа-Банк;Путешествия;3611;
Альфа-Банк;Путешествия;3612;
Альфа-Банк;Путешествия;3613;
Альфа-Банк;Путешествия;3614;
Альфа-Банк;Путешествия;3615;
Альфа-Банк;Путешествия;3616;
Альфа-Банк;Путешествия;3617;
Альфа-Банк;Путешествия;3618;
Альфа-Банк;Путешествия;3619;
Альфа-Банк;Путешествия;3620;
Альфа-Банк;Путешествия;3621;
Альфа-Банк;Путешествия;3622;
Альфа-Банк;Путешествия;3623;
Альфа-Банк;Путешествия;3624;
Альфа-Банк;Путешествия;3625;
Альфа-Банк;Путешествия;3626;
Альфа-Банк;Путешествия;3627;
Альфа-Банк;Путешествия;3628;
Альфа-Банк;Путешествия;3629;
Альфа-Банк;Путешествия;3630;
Альфа-Банк;Путешествия;3631;
Альфа-Банк;Путешествия;3632;
Альфа-Банк;Путешествия;3633;
Альфа-Банк;Путешествия;3634;
Альфа-Банк;Путешествия;3635;
Альфа-Банк;Путешествия;3636;
Альфа-Банк;Путешествия;3637;
Альфа-Банк;Путешествия;3638;
Альфа-Банк;Путешествия;3639;
Альфа-Банк;Путешествия;3640;
Альфа-Банк;Путешествия;3641;
Альфа-Банк;Путешествия;3642;
Альфа-Банк;Путешествия;3643;
Альфа-Банк;Путешествия;3644;
Альфа-Банк;Путешествия;3645;
Альфа-Банк;Путешествия;3646;
Альфа-Банк;Путешествия;3647;
Альфа-Банк;Путешествия;3648;
Альфа-Банк;Путешествия;3649;
Альфа-Банк;Путешествия;3650;
Альфа-Банк;Путешествия;3651;
Альфа-Банк;Путешествия;3652;
Альфа-Банк;Путешествия;3653;
Альфа-Банк;Путешествия;3654;
Альфа-Банк;Путешествия;3655;
Альфа-Банк;Путешествия;3656;
Альфа-Банк;Путешествия;3657;
Альфа-Банк;Путешествия;3658;
Альфа-Банк;Путешествия;3659;
Альфа-Банк;Путешествия;3660;
Альфа-Банк;Путешествия;3661;
Альфа-Банк;Путешествия;3662;
Альфа-Банк;Путешествия;3663;
Альфа-Банк;Путешествия;3664;
Альфа-Банк;Путешествия;3665;
Альфа-Банк;Путешествия;3666;
Альфа-Банк;Путешествия;3667;
Альфа-Банк;Путешествия;3668;
Альфа-Банк;Путешествия;3669;
Альфа-Банк;Путешествия;3670;
Альфа-Банк;Путешествия;3671;
Альфа-Банк;Путешествия;3672;
Альфа-Банк;Путешествия;3673;
Альфа-Банк;Путешествия;3674;
Альфа-Банк;Путешествия;3675;
Альфа-Банк;Путешествия;3676;
Альфа-Банк;Путешествия;3677;
Альфа-Банк;Путешествия;3678;
Альфа-Банк;Путешествия;3679;
Альфа-Банк;Путешествия;3680;
Альфа-Банк;Путешествия;3681;
Альфа-Банк;Путешествия;3682;
Альфа-Банк;Путешествия;3683;
Альфа-Банк;Путешествия;3684;
Альфа-Банк;Путешествия;3685;
Альфа-Банк;Путешествия;3686;
Альфа-Банк;Путешествия;3687;
Альфа-Банк;Путешествия;3688;
Альфа-Банк;Путешествия;3689;
Альфа-Банк;Путешествия;3690;
Альфа-Банк;Путешествия;3691;
Альфа-Банк;Путешествия;3692;
Альфа-Банк;Путешествия;3693;
Альфа-Банк;Путешествия;3694;
Альфа-Банк;Путешествия;3695;
Альфа-Банк;Путешествия;3696;
Альфа-Банк;Путешествия;3697;
Альфа-Банк;Путешествия;3698;
Альфа-Банк;Путешествия;3699;
Альфа-Банк;Путешествия;3700;
Альфа-Банк;Путешествия;3701;
Альфа-Банк;Путешествия;3702;
Альфа-Банк;Путешествия;3703;
Альфа-Банк;Путешествия;3704;
Альфа-Банк;Путешествия;3705;
Альфа-Банк;Путешествия;3706;
Альфа-Банк;Путешествия;3707;
Альфа-Банк;Путешествия;3708;
Альфа-Банк;Путешествия;3709;
Альфа-Банк;Путешествия;3710;
Альфа-Банк;Путешествия;3711;
Альфа-Банк;Путешествия;3712;
Альфа-Банк;Путешествия;3713;
Альфа-Банк;Путешествия;3714;
Альфа-Банк;Путешествия;3715;
Альфа-Банк;Путешествия;3716;
Альфа-Банк;Путешествия;3717;
Альфа-Банк;Путешествия;3718;
Альфа-Банк;Путешествия;3719;
Альфа-Банк;Путешествия;3720;
Альфа-Банк;Путешествия;3721;
Альфа-Банк;Путешествия;3722;
Альфа-Банк;Путешествия;3723;
Альфа-Банк;Путешествия;3724;
Альфа-Банк;Путешествия;3725;
Альфа-Банк;Путешествия;3726;
Альфа-Банк;Путешествия;3727;
Альфа-Банк;Путешествия;3728;
Альфа-Банк;Путешествия;3729;
Альфа-Банк;Путешествия;3730;
Альфа-Банк;Путешествия;3731;
Альфа-Банк;Путешествия;3732;
Альфа-Банк;Путешествия;3733;
Альфа-Банк;Путешествия;3734;
Альфа-Банк;Путешествия;3735;
Альфа-Банк;Путешествия;3736;
Альфа-Банк;Путешествия;3737;
Альфа-Банк;Путешествия;3738;
Альфа-Банк;Путешествия;3739;
Альфа-Банк;Путешествия;3740;
Альфа-Банк;Путешествия;3741;
Альфа-Банк;Путешествия;3742;
Альфа-Банк;Путешествия;3743;
Альфа-Банк;Путешествия;3744;
Альфа-Банк;Путешествия;3745;
Альфа-Банк;Путешествия;3746;
Альфа-Банк;Путешествия;3747;
Альфа-Банк;Путешествия;3748;
Альфа-Банк;Путешествия;3749;
Альфа-Банк;Путешествия;3750;
Альфа-Банк;Путешествия;3751;
Альфа-Банк;Путешествия;3752;
Альфа-Банк;Путешествия;3753;
Альфа-Банк;Путешествия;3754;
Альфа-Банк;Путешествия;3755;
Альфа-Банк;Путешествия;3756;
Альфа-Банк;Путешествия;3757;
Альфа-Банк;Путешествия;3758;
Альфа-Банк;Путешествия;3759;
Альфа-Банк;Путешествия;3760;
Альфа-Банк;Путешествия;3761;
Альфа-Банк;Путешествия;3762;
Альфа-Банк;Путешествия;3763;
Альфа-Банк;Путешествия;3764;
Альфа-Банк;Путешествия;3765;
Альфа-Банк;Путешествия;3766;
Альфа-Банк;Путешествия;3767;
Альфа-Банк;Путешествия;3768;
Альфа-Банк;Путешествия;3769;
Альфа-Банк;Путешествия;3770;
Альфа-Банк;Путешествия;3771;
Альфа-Банк;Путешествия;3772;
Альфа-Банк;Путешествия;3773;
Альфа-Банк;Путешествия;3774;
Альфа-Банк;Путешествия;3775;
Альфа-Банк;Путешествия;3776;
Альфа-Банк;Путешествия;3777;
Альфа-Банк;Путешествия;3778;
Альфа-Банк;Путешествия;3779;
Альфа-Банк;Путешествия;3780;
Альфа-Банк;Путешествия;3781;
Альфа-Банк;Путешествия;3782;
Альфа-Банк;Путешествия;3783;
Альфа-Банк;Путешествия;3784;
Альфа-Банк;Путешествия;3785;
Альфа-Банк;Путешествия;3786;
Альфа-Банк;Путешествия;3787;
Альфа-Банк;Путешествия;3788;
Альфа-Банк;Путешествия;3789;
Альфа-Банк;Путешествия;3790;
Альфа-Банк;Путешествия;3791;
Альфа-Банк;Путешествия;3792;
Альфа-Банк;Путешествия;3793;
Альфа-Банк;Путешествия;3794;
Альфа-Банк;Путешествия;3795;
Альфа-Банк;Путешествия;3796;
Альфа-Банк;Путешествия;3797;
Альфа-Банк;Путешествия;3798;
Альфа-Банк;Путешествия;3799;
Альфа-Банк;Путешествия;3800;
Альфа-Банк;Путешествия;3801;
Альфа-Банк;Путешествия;3802;
Альфа-Банк;Путешествия;3803;
Альфа-Банк;Путешествия;3804;
Альфа-Банк;Путешествия;3805;
Альфа-Банк;Путешествия;3806;
Альфа-Банк;Путешествия;3807;
Альфа-Банк;Путешествия;3808;
Альфа-Банк;Путешествия;3809;
Альфа-Банк;Путешествия;3810;
Альфа-Банк;Путешествия;3811;
Альфа-Банк;Путешествия;3812;
Альфа-Банк;Путешествия;3813;
Альфа-Банк;Путешествия;3814;
Альфа-Банк;Путешествия;3815;
Альфа-Банк;Путешествия;3816;
Альфа-Банк;Путешествия;3817;
Альфа-Банк;Путешествия;3818;
Альфа-Банк;Путешествия;3819;
Альфа-Банк;Путешествия;3820;
Альфа-Банк;Путешествия;3821;
Альфа-Банк;Путешествия;3822;
Альфа-Банк;Путешествия;3823;
Альфа-Банк;Путешествия;3824;
Альфа-Банк;Путешествия;3825;
Альфа-Банк;Путешествия;3826;
Альфа-Банк;Путешествия;3827;
Альфа-Банк;Путешествия;3828;
Альфа-Банк;Путешествия;3829;
Альфа-Банк;Путешествия;3830;
Альфа-Банк;Путешествия;3831;
Альфа-Банк;Путешествия;3832;
Альфа-Банк;Путешествия;3833;
Альфа-Банк;Путешествия;3834;
Альфа-Банк;Путешествия;3835;
Альфа-Банк;Путешествия;3836;
Альфа-Банк;Путешествия;3837;
Альфа-Банк;Путешествия;3838;
Альфа-Банк;Путешествия;4411;
Альфа-Банк;Путешествия;4511;
Альфа-Банк;Путешествия;4722;
Альфа-Банк;Путешествия;4723;
Альфа-Банк;Путешествия;5962;
Альфа-Банк;Путешествия;7011;
Альфа-Банк;Путешествия;7033;
Альфа-Банк;Развлечения;3990;
Альфа-Банк;Развлечения;5733;
Альфа-Банк;Развлечения;5735;
Альфа-Банк;Развлечения;5945;
Альфа-Банк;Развлечения;5946;
Альфа-Банк;Развлечения;5947;
Альфа-Банк;Развлечения;5949;
Альфа-Банк;Развлечения;5970;
Альфа-Банк;Развлечения;5971;
Альфа-Банк;Развлечения;5972;
Альфа-Банк;Развлечения;5998;
Альфа-Банк;Развлечения;7032;
Альфа-Банк;Развлечения;7221;
Альфа-Банк;Развлечения;7395;
Альфа-Банк;Развлечения;7800;
Альфа-Банк;Развлечения;7801;
Альфа-Банк;Развлечения;7829;
Альфа-Банк;Развлечения;7832;
Альфа-Банк;Развлечения;7841;
Альфа-Банк;Развлечения;7911;
Альфа-Банк;Развлечения;7922;
Альфа-Банк;Развлечения;7929;
Альфа-Банк;Развлечения;7932;
Альфа-Банк;Развлечения;7933;
Альфа-Банк;Развлечения;7941;
Альфа-Банк;Развлечения;7991;
Альфа-Банк;Развлечения;7992;
Альфа-Банк;Развлечения;7993;
Альфа-Банк;Развлечения;7994;
Альфа-Банк;Развлечения;7995;
Альфа-Банк;Развлечения;7996;
Альфа-Банк;Развлечения;7997;
Альфа-Банк;Развлечения;7998;
Альфа-Банк;Развлечения;7999;
Альфа-Банк;Развлечения;9406;
Альфа-Банк;Развлечения;9754;
Альфа-Банк;Связь, интернет и ТВ;4813;
Альфа-Банк;Связь, интернет и ТВ;4814;
Альфа-Банк;Связь, интернет и ТВ;4815;
Альфа-Банк;Связь, интернет и ТВ;4816;
Альфа-Банк;Связь, интернет и ТВ;4821;
Альфа-Банк;Связь, интернет и ТВ;4899;
Альфа-Банк;Связь, интернет и ТВ;7372;
Альфа-Банк;Связь, интернет и ТВ;7375;
Альфа-Банк;Спортивные товары;5655;
Альфа-Банк;Спортивные товары;5940;
Альфа-Банк;Спортивные товары;5941;
Альфа-Банк;Такси;3990;
Альфа-Банк;Такси;4121;
Альфа-Банк;Техника;3990;
Альфа-Банк;Техника;4812;
Альфа-Банк;Техника;5044;
Альфа-Банк;Техника;5045;
Альфа-Банк;Техника;5065;
Альфа-Банк;Техника;5722;
Альфа-Банк;Техника;5732;
Альфа-Банк;Техника;5978;
Альфа-Банк;Техника;5997;
Альфа-Банк;Техника;7379;
Альфа-Банк;Техника;7622;
Альфа-Банк;Техника;7623;
Альфа-Банк;Техника;7629;
Альфа-Банк;Транспорт;3990;
Альфа-Банк;Транспорт;4011;
Альфа-Банк;Транспорт;4111;
Альфа-Банк;Транспорт;4112;
Альфа-Банк;Транспорт;4131;
Альфа-Банк;Транспорт;4729;
Альфа-Банк;Транспорт;4789;
Альфа-Банк;Фастфуд;3990;
Альфа-Банк;Фастфуд;5814;
Альфа-Банк;Цветы;5193;
Альфа-Банк;Цветы;5992;
Альфа-Банк;Цифровые товары;5734;
Альфа-Банк;Цифровые товары;5735;
Альфа-Банк;Цифровые товары;5815;
Альфа-Банк;Цифровые товары;5816;
Альфа-Банк;Цифровые товары;5817;
Альфа-Банк;Цифровые товары;5818;
Альфа-Банк;Ювелирные изделия;5094;
Альфа-Банк;Ювелирные изделия;5944;
ВТБ;Duty Free;5309;
ВТБ;АЗС;5172;
ВТБ;АЗС;5541;
ВТБ;АЗС;5542;
ВТБ;АЗС;5552;
ВТБ;АЗС;5983;
ВТБ;АЗС;9752;
ВТБ;Авиабилеты;3000;
ВТБ;Авиабилеты;3001;
ВТБ;Авиабилеты;3002;
ВТБ;Авиабилеты;3003;
ВТБ;Авиабилеты;3004;
ВТБ;Авиабилеты;3005;
ВТБ;Авиабилеты;3006;
ВТБ;Авиабилеты;3007;
ВТБ;Авиабилеты;3008;
ВТБ;Авиабилеты;3009;
ВТБ;Авиабилеты;3010;
ВТБ;Авиабилеты;3011;
ВТБ;Авиабилеты;3012;
ВТБ;Авиабилеты;3013;
ВТБ;Авиабилеты;3014;
ВТБ;Авиабилеты;3015;
ВТБ;Авиабилеты;3016;
ВТБ;Авиабилеты;3017;
ВТБ;Авиабилеты;3018;
ВТБ;Авиабилеты;3019;
ВТБ;Авиабилеты;3020;
ВТБ;Авиабилеты;3021;
ВТБ;Авиабилеты;3022;
ВТБ;Авиабилеты;3023;
ВТБ;Авиабилеты;3024;
ВТБ;Авиабилеты;3025;
ВТБ;Авиабилеты;3026;
ВТБ;Авиабилеты;3027;
ВТБ;Авиабилеты;3028;
ВТБ;Авиабилеты;3029;
ВТБ;Авиабилеты;3030;
ВТБ;Авиабилеты;3031;
ВТБ;Авиабилеты;3032;
ВТБ;Авиабилеты;3033;
ВТБ;Авиабилеты;3034;
ВТБ;Авиабилеты;3035;
ВТБ;Авиабилеты;3036;
ВТБ;Авиабилеты;3037;
ВТБ;Авиабилеты;3038;
ВТБ;Авиабилеты;3039;
ВТБ;Авиабилеты;3040;
ВТБ;Авиабилеты;3041;
ВТБ;Авиабилеты;3042;
ВТБ;Авиабилеты;3043;
ВТБ;Авиабилеты;3044;
ВТБ;Авиабилеты;3045;
ВТБ;Авиабилеты;3046;
ВТБ;Авиабилеты;3047;
ВТБ;Авиабилеты;3048;
ВТБ;Авиабилеты;3049;
ВТБ;Авиабилеты;3050;
ВТБ;Авиабилеты;3051;
ВТБ;Авиабилеты;3052;
ВТБ;Авиабилеты;3053;
ВТБ;Авиабилеты;3054;
ВТБ;Авиабилеты;3055;
ВТБ;Авиабилеты;3056;
ВТБ;Авиабилеты;3057;
ВТБ;Авиабилеты;3058;
ВТБ;Авиабилеты;3059;
ВТБ;Авиабилеты;3060;
ВТБ;Авиабилеты;3061;
ВТБ;Авиабилеты;3062;
ВТБ;Авиабилеты;3063;
ВТБ;Авиабилеты;3064;
ВТБ;Авиабилеты;3065;
ВТБ;Авиабилеты;3066;
ВТБ;Авиабилеты;3067;
ВТБ;Авиабилеты;3068;
ВТБ;Авиабилеты;3069;
ВТБ;Авиабилеты;3071;
ВТБ;Авиабилеты;3072;
ВТБ;Авиабилеты;3073;
ВТБ;Авиабилеты;3075;
ВТБ;Авиабилеты;3076;
ВТБ;Авиабилеты;3077;
ВТБ;Авиабилеты;3078;
ВТБ;Авиабилеты;3079;
ВТБ;Авиабилеты;3081;
ВТБ;Авиабилеты;3082;
ВТБ;Авиабилеты;3083;
ВТБ;Авиабилеты;3084;
ВТБ;Авиабилеты;3085;
ВТБ;Авиабилеты;3086;
ВТБ;Авиабилеты;3087;
ВТБ;Авиабилеты;3088;
ВТБ;Авиабилеты;3089;
ВТБ;Авиабилеты;3090;
ВТБ;Авиабилеты;3092;
ВТБ;Авиабилеты;3093;
ВТБ;Авиабилеты;3094;
ВТБ;Авиабилеты;3095;
ВТБ;Авиабилеты;3096;
ВТБ;Авиабилеты;3097;
ВТБ;Авиабилеты;3098;
ВТБ;Авиабилеты;3099;
ВТБ;Авиабилеты;3100;
ВТБ;Авиабилеты;3101;
ВТБ;Авиабилеты;3102;
ВТБ;Авиабилеты;3103;
ВТБ;Авиабилеты;3104;
ВТБ;Авиабилеты;3105;
ВТБ;Авиабилеты;3106;
ВТБ;Авиабилеты;3107;
ВТБ;Авиабилеты;3109;
ВТБ;Авиабилеты;3110;
ВТБ;Авиабилеты;3111;
ВТБ;Авиабилеты;3112;
ВТБ;Авиабилеты;3113;
ВТБ;Авиабилеты;3114;
ВТБ;Авиабилеты;3115;
ВТБ;Авиабилеты;3116;
ВТБ;Авиабилеты;3117;
ВТБ;Авиабилеты;3118;
ВТБ;Авиабилеты;3119;
ВТБ;Авиабилеты;3120;
ВТБ;Авиабилеты;3121;
ВТБ;Авиабилеты;3122;
ВТБ;Авиабилеты;3123;
ВТБ;Авиабилеты;3124;
ВТБ;Авиабилеты;3125;
ВТБ;Авиабилеты;3126;
ВТБ;Авиабилеты;3127;
ВТБ;Авиабилеты;3128;
ВТБ;Авиабилеты;3129;
ВТБ;Авиабилеты;3130;
ВТБ;Авиабилеты;3131;
ВТБ;Авиабилеты;3132;
ВТБ;Авиабилеты;3133;
ВТБ;Авиабилеты;3134;
ВТБ;Авиабилеты;3135;
ВТБ;Авиабилеты;3136;
ВТБ;Авиабилеты;3137;
ВТБ;Авиабилеты;3138;
ВТБ;Авиабилеты;3139;
ВТБ;Авиабилеты;3140;
ВТБ;Авиабилеты;3141;
ВТБ;Авиабилеты;3142;
ВТБ;Авиабилеты;3143;
ВТБ;Авиабилеты;3144;
ВТБ;Авиабилеты;3145;
ВТБ;Авиабилеты;3146;
ВТБ;Авиабилеты;3147;
ВТБ;Авиабилеты;3148;
ВТБ;Авиабилеты;3150;
ВТБ;Авиабилеты;3151;
ВТБ;Авиабилеты;3152;
ВТБ;Авиабилеты;3153;
ВТБ;Авиабилеты;3154;
ВТБ;Авиабилеты;3155;
ВТБ;Авиабилеты;3156;
ВТБ;Авиабилеты;3157;
ВТБ;Авиабилеты;3158;
ВТБ;Авиабилеты;3159;
ВТБ;Авиабилеты;3160;
ВТБ;Авиабилеты;3161;
ВТБ;Авиабилеты;3162;
ВТБ;Авиабилеты;3163;
ВТБ;Авиабилеты;3164;
ВТБ;Авиабилеты;3165;
ВТБ;Авиабилеты;3166;
ВТБ;Авиабилеты;3167;
ВТБ;Авиабилеты;3168;
ВТБ;Авиабилеты;3169;
ВТБ;Авиабилеты;3170;
ВТБ;Авиабилеты;3171;
ВТБ;Авиабилеты;3172;
ВТБ;Авиабилеты;3173;
ВТБ;Авиабилеты;3174;
ВТБ;Авиабилеты;3175;
ВТБ;Авиабилеты;3176;
ВТБ;Авиабилеты;3177;
ВТБ;Авиабилеты;3178;
ВТБ;Авиабилеты;3179;
ВТБ;Авиабилеты;3180;
ВТБ;Авиабилеты;3181;
ВТБ;Авиабилеты;3182;
ВТБ;Авиабилеты;3183;
ВТБ;Авиабилеты;3184;
ВТБ;Авиабилеты;3185;
ВТБ;Авиабилеты;3186;
ВТБ;Авиабилеты;3187;
ВТБ;Авиабилеты;3188;
ВТБ;Авиабилеты;3189;
ВТБ;Авиабилеты;3190;
ВТБ;Авиабилеты;3191;
ВТБ;Авиабилеты;3192;
ВТБ;Авиабилеты;3193;
ВТБ;Авиабилеты;3194;
ВТБ;Авиабилеты;3195;
ВТБ;Авиабилеты;3196;
ВТБ;Авиабилеты;3197;
ВТБ;Авиабилеты;3198;
ВТБ;Авиабилеты;3199;
ВТБ;Авиабилеты;3200;
ВТБ;Авиабилеты;3201;
ВТБ;Авиабилеты;3202;
ВТБ;Авиабилеты;3203;
ВТБ;Авиабилеты;3204;
ВТБ;Авиабилеты;3205;
ВТБ;Авиабилеты;3206;
ВТБ;Авиабилеты;3207;
ВТБ;Авиабилеты;3208;
ВТБ;Авиабилеты;3209;
ВТБ;Авиабилеты;3210;
ВТБ;Авиабилеты;3211;
ВТБ;Авиабилеты;3212;
ВТБ;Авиабилеты;3213;
ВТБ;Авиабилеты;3214;
ВТБ;Авиабилеты;3215;
ВТБ;Авиабилеты;3216;
ВТБ;Авиабилеты;3217;
ВТБ;Авиабилеты;3218;
ВТБ;Авиабилеты;3219;
ВТБ;Авиабилеты;3220;
ВТБ;Авиабилеты;3221;
ВТБ;Авиабилеты;3222;
ВТБ;Авиабилеты;3223;
ВТБ;Авиабилеты;3224;
ВТБ;Авиабилеты;3225;
ВТБ;Авиабилеты;3226;
ВТБ;Авиабилеты;3227;
ВТБ;Авиабилеты;3228;
ВТБ;Авиабилеты;3229;
ВТБ;Авиабилеты;3230;
ВТБ;Авиабилеты;3231;
ВТБ;Авиабилеты;3232;
ВТБ;Авиабилеты;3233;
ВТБ;Авиабилеты;3234;
ВТБ;Авиабилеты;3235;
ВТБ;Авиабилеты;3236;
ВТБ;Авиабилеты;3237;
ВТБ;Авиабилеты;3238;
ВТБ;Авиабилеты;3239;
ВТБ;Авиабилеты;3240;
ВТБ;Авиабилеты;3241;
ВТБ;Авиабилеты;3242;
ВТБ;Авиабилеты;3243;
ВТБ;Авиабилеты;3244;
ВТБ;Авиабилеты;3245;
ВТБ;Авиабилеты;3246;
ВТБ;Авиабилеты;3247;
ВТБ;Авиабилеты;3248;
ВТБ;Авиабилеты;3249;
ВТБ;Авиабилеты;3250;
ВТБ;Авиабилеты;3251;
ВТБ;Авиабилеты;3252;
ВТБ;Авиабилеты;3253;
ВТБ;Авиабилеты;3254;
ВТБ;Авиабилеты;3256;
ВТБ;Авиабилеты;3257;
ВТБ;Авиабилеты;3258;
ВТБ;Авиабилеты;3259;
ВТБ;Авиабилеты;3260;
ВТБ;Авиабилеты;3261;
ВТБ;Авиабилеты;3262;
ВТБ;Авиабилеты;3263;
ВТБ;Авиабилеты;3264;
ВТБ;Авиабилеты;3265;
ВТБ;Авиабилеты;3266;
ВТБ;Авиабилеты;3267;
ВТБ;Авиабилеты;3268;
ВТБ;Авиабилеты;3270;
ВТБ;Авиабилеты;3274;
ВТБ;Авиабилеты;3275;
ВТБ;Авиабилеты;3276;
ВТБ;Авиабилеты;3277;
ВТБ;Авиабилеты;3278;
ВТБ;Авиабилеты;3279;
ВТБ;Авиабилеты;3280;
ВТБ;Авиабилеты;3281;
ВТБ;Авиабилеты;3282;
ВТБ;Авиабилеты;3283;
ВТБ;Авиабилеты;3284;
ВТБ;Авиабилеты;3285;
ВТБ;Авиабилеты;3286;
ВТБ;Авиабилеты;3287;
ВТБ;Авиабилеты;3288;
ВТБ;Авиабилеты;3289;
ВТБ;Авиабилеты;3290;
ВТБ;Авиабилеты;3291;
ВТБ;Авиабилеты;3292;
ВТБ;Авиабилеты;3293;
ВТБ;Авиабилеты;3294;
ВТБ;Авиабилеты;3295;
ВТБ;Авиабилеты;3296;
ВТБ;Авиабилеты;3297;
ВТБ;Авиабилеты;3298;
ВТБ;Авиабилеты;3299;
ВТБ;Авиабилеты;3300;
ВТБ;Авиабилеты;3301;
ВТБ;Авиабилеты;4511;
ВТБ;Авиабилеты;4582;
ВТБ;Автоуслуги;5531;
ВТБ;Автоуслуги;5532;
ВТБ;Автоуслуги;5533;
ВТБ;Автоуслуги;7511;
ВТБ;Автоуслуги;7531;
ВТБ;Автоуслуги;7534;
ВТБ;Автоуслуги;7535;
ВТБ;Автоуслуги;7538;
ВТБ;Автоуслуги;7542;
ВТБ;Автоуслуги;7549;
ВТБ;Алкоголь;5715;
ВТБ;Алкоголь;5921;
ВТБ;Аптеки;5122;
ВТБ;Аптеки;5912;
ВТБ;Аренда авто;3351;
ВТБ;Аренда авто;3352;
ВТБ;Аренда авто;3353;
ВТБ;Аренда авто;3354;
ВТБ;Аренда авто;3355;
ВТБ;Аренда авто;3356;
ВТБ;Аренда авто;3357;
ВТБ;Аренда авто;3358;
ВТБ;Аренда авто;3359;
ВТБ;Аренда авто;3360;
ВТБ;Аренда авто;3361;
ВТБ;Аренда авто;3362;
ВТБ;Аренда авто;3363;
ВТБ;Аренда авто;3364;
ВТБ;Аренда авто;3365;
ВТБ;Аренда авто;3366;
ВТБ;Аренда авто;3367;
ВТБ;Аренда авто;3368;
ВТБ;Аренда авто;3369;
ВТБ;Аренда авто;3370;
ВТБ;Аренда авто;3371;
ВТБ;Аренда авто;3372;
ВТБ;Аренда авто;3373;
ВТБ;Аренда авто;3374;
ВТБ;Аренда авто;3375;
ВТБ;Аренда авто;3376;
ВТБ;Аренда авто;3377;
ВТБ;Аренда авто;3378;
ВТБ;Аренда авто;3379;
ВТБ;Аренда авто;3380;
ВТБ;Аренда авто;3381;
ВТБ;Аренда авто;3382;
ВТБ;Аренда авто;3383;
ВТБ;Аренда авто;3384;
ВТБ;Аренда авто;3385;
ВТБ;Аренда авто;3386;
ВТБ;Аренда авто;3387;
ВТБ;Аренда авто;3388;
ВТБ;Аренда авто;3389;
ВТБ;Аренда авто;3390;
ВТБ;Аренда авто;3391;
ВТБ;Аренда авто;3392;
ВТБ;Аренда авто;3393;
ВТБ;Аренда авто;3394;
ВТБ;Аренда авто;3395;
ВТБ;Аренда авто;3396;
ВТБ;Аренда авто;3397;
ВТБ;Аренда авто;3398;
ВТБ;Аренда авто;3399;
ВТБ;Аренда авто;3400;
ВТБ;Аренда авто;3401;
ВТБ;Аренда авто;3402;
ВТБ;Аренда авто;3403;
ВТБ;Аренда авто;3404;
ВТБ;Аренда авто;3405;
ВТБ;Аренда авто;3406;
ВТБ;Аренда авто;3407;
ВТБ;Аренда авто;3408;
ВТБ;Аренда авто;3409;
ВТБ;Аренда авто;3410;
ВТБ;Аренда авто;3412;
ВТБ;Аренда авто;3413;
ВТБ;Аренда авто;3414;
ВТБ;Аренда авто;3415;
ВТБ;Аренда авто;3416;
ВТБ;Аренда авто;3417;
ВТБ;Аренда авто;3418;
ВТБ;Аренда авто;3419;
ВТБ;Аренда авто;3420;
ВТБ;Аренда авто;3421;
ВТБ;Аренда авто;3422;
ВТБ;Аренда авто;3423;
ВТБ;Аренда авто;3425;
ВТБ;Аренда авто;3426;
ВТБ;Аренда авто;3427;
ВТБ;Аренда авто;3428;
ВТБ;Аренда авто;3429;
ВТБ;Аренда авто;3430;
ВТБ;Аренда авто;3431;
ВТБ;Аренда авто;3432;
ВТБ;Аренда авто;3433;
ВТБ;Аренда авто;3434;
ВТБ;Аренда авто;3435;
ВТБ;Аренда авто;3436;
ВТБ;Аренда авто;3437;
ВТБ;Аренда авто;3438;
ВТБ;Аренда авто;3439;
ВТБ;Аренда авто;3440;
ВТБ;Аренда авто;3441;
ВТБ;Аренда авто;7512;
ВТБ;Аренда авто;7513;
ВТБ;Аренда авто;7519;
ВТБ;Бытовые услуги;5697;
ВТБ;Бытовые услуги;7210;
ВТБ;Бытовые услуги;7211;
ВТБ;Бытовые услуги;7216;
ВТБ;Бытовые услуги;7217;
ВТБ;Бытовые услуги;7251;
ВТБ;Бытовые услуги;7342;
ВТБ;Бытовые услуги;7349;
ВТБ;Детские товары;5641;
ВТБ;Детские товары;5945;
ВТБ;Дом и ремонт;0780;
ВТБ;Дом и ремонт;1520;
ВТБ;Дом и ремонт;1711;
ВТБ;Дом и ремонт;1731;
ВТБ;Дом и ремонт;1740;
ВТБ;Дом и ремонт;1750;
ВТБ;Дом и ремонт;1761;
ВТБ;Дом и ремонт;1771;
ВТБ;Дом и ремонт;1799;
ВТБ;Дом и ремонт;2842;
ВТБ;Дом и ремонт;5021;
ВТБ;Дом и ремонт;5039;
ВТБ;Дом и ремонт;5051;
ВТБ;Дом и ремонт;5065;
ВТБ;Дом и ремонт;5072;
ВТБ;Дом и ремонт;5074;
ВТБ;Дом и ремонт;5131;
ВТБ;Дом и ремонт;5169;
ВТБ;Дом и ремонт;5198;
ВТБ;Дом и ремонт;5200;
ВТБ;Дом и ремонт;5211;
ВТБ;Дом и ремонт;5231;
ВТБ;Дом и ремонт;5251;
ВТБ;Дом и ремонт;5261;
ВТБ;Дом и ремонт;5311;
ВТБ;Дом и ремонт;5331;
ВТБ;Дом и ремонт;5712;
ВТБ;Дом и ремонт;5713;
ВТБ;Дом и ремонт;5714;
ВТБ;Дом и ремонт;5718;
ВТБ;Дом и ремонт;5719;
ВТБ;Дом и ремонт;5949;
ВТБ;Дом и ремонт;5950;
ВТБ;Дом и ремонт;5996;
ВТБ;Дом и ремонт;5998;
ВТБ;Дом и ремонт;7622;
ВТБ;Дом и ремонт;7623;
ВТБ;Дом и ремонт;7629;
ВТБ;Дом и ремонт;7641;
ВТБ;Дом и ремонт;7692;
ВТБ;Дом и ремонт;7699;
ВТБ;Ж/д билеты;4011;
ВТБ;Ж/д билеты;4112;
ВТБ;Здоровье;4119;
ВТБ;Здоровье;5975;
ВТБ;Здоровье;5976;
ВТБ;Здоровье;8011;
ВТБ;Здоровье;8021;
ВТБ;Здоровье;8031;
ВТБ;Здоровье;8041;
ВТБ;Здоровье;8042;
ВТБ;Здоровье;8043;
ВТБ;Здоровье;8044;
ВТБ;Здоровье;8049;
ВТБ;Здоровье;8050;
ВТБ;Здоровье;8062;
ВТБ;Здоровье;8071;
ВТБ;Здоровье;8099;
ВТБ;Зоотовары;0742;
ВТБ;Зоотовары;5995;
ВТБ;Искусство;5932;
ВТБ;Искусство;5937;
ВТБ;Искусство;5970;
ВТБ;Искусство;5971;
ВТБ;Искусство;5972;
ВТБ;Искусство;5973;
ВТБ;Кафе и рестораны;5811;
ВТБ;Кафе и рестораны;5812;
ВТБ;Кафе и рестораны;5813;
ВТБ;Кафе и рестораны;5814;
ВТБ;Книги и канцтовары;2741;
ВТБ;Книги и канцтовары;5111;
ВТБ;Книги и канцтовары;5192;
ВТБ;Книги и канцтовары;5942;
ВТБ;Книги и канцтовары;5943;
ВТБ;Книги и канцтовары;5994;
ВТБ;Красота;5698;
ВТБ;Красота;5977;
ВТБ;Красота;7230;
ВТБ;Красота;7297;
ВТБ;Красота;7298;
ВТБ;Маркетплейсы;5262;
ВТБ;Маркетплейсы;5300;
ВТБ;Маркетплейсы;7278;
ВТБ;Образование;8211;
ВТБ;Образование;8220;
ВТБ;Образование;8241;
ВТБ;Образование;8244;
ВТБ;Образование;8249;
ВТБ;Образование;8299;
ВТБ;Образование;8351;
ВТБ;Одежда и обувь;5137;
ВТБ;Одежда и обувь;5139;
ВТБ;Одежда и обувь;5611;
ВТБ;Одежда и обувь;5621;
ВТБ;Одежда и обувь;5631;
ВТБ;Одежда и обувь;5651;
ВТБ;Одежда и обувь;5661;
ВТБ;Одежда и обувь;5681;
ВТБ;Одежда и обувь;5691;
ВТБ;Одежда и обувь;5699;
ВТБ;Одежда и обувь;5931;
ВТБ;Одежда и обувь;5948;
ВТБ;Отели;3501;
ВТБ;Отели;3502;
ВТБ;Отели;3503;
ВТБ;Отели;3504;
ВТБ;Отели;3505;
ВТБ;Отели;3506;
ВТБ;Отели;3507;
ВТБ;Отели;3508;
ВТБ;Отели;3509;
ВТБ;Отели;3510;
ВТБ;Отели;3511;
ВТБ;Отели;3512;
ВТБ;Отели;3513;
ВТБ;Отели;3514;
ВТБ;Отели;3515;
ВТБ;Отели;3516;
ВТБ;Отели;3517;
ВТБ;Отели;3518;
ВТБ;Отели;3519;
ВТБ;Отели;3520;
ВТБ;Отели;3521;
ВТБ;Отели;3522;
ВТБ;Отели;3523;
ВТБ;Отели;3524;
ВТБ;Отели;3525;
ВТБ;Отели;3526;
ВТБ;Отели;3527;
ВТБ;Отели;3528;
ВТБ;Отели;3529;
ВТБ;Отели;3530;
ВТБ;Отели;3531;
ВТБ;Отели;3532;
ВТБ;Отели;3533;
ВТБ;Отели;3534;
ВТБ;Отели;3535;
ВТБ;Отели;3536;
ВТБ;Отели;3537;
ВТБ;Отели;3538;
ВТБ;Отели;3539;
ВТБ;Отели;3540;
ВТБ;Отели;3541;
ВТБ;Отели;3542;
ВТБ;Отели;3543;
ВТБ;Отели;3544;
ВТБ;Отели;3545;
ВТБ;Отели;3546;
ВТБ;Отели;3547;
ВТБ;Отели;3548;
ВТБ;Отели;3549;
ВТБ;Отели;3550;
ВТБ;Отели;3551;
ВТБ;Отели;3552;
ВТБ;Отели;3553;
ВТБ;Отели;3554;
ВТБ;Отели;3555;
ВТБ;Отели;3556;
ВТБ;Отели;3557;
ВТБ;Отели;3558;
ВТБ;Отели;3559;
ВТБ;Отели;3560;
ВТБ;Отели;3561;
ВТБ;Отели;3562;
ВТБ;Отели;3563;
ВТБ;Отели;3564;
ВТБ;Отели;3565;
ВТБ;Отели;3566;
ВТБ;Отели;3567;
ВТБ;Отели;3568;
ВТБ;Отели;3569;
ВТБ;Отели;3570;
ВТБ;Отели;3571;
ВТБ;Отели;3572;
ВТБ;Отели;3573;
ВТБ;Отели;3574;
ВТБ;Отели;3575;
ВТБ;Отели;3576;
ВТБ;Отели;3577;
ВТБ;Отели;3578;
ВТБ;Отели;3579;
ВТБ;Отели;3580;
ВТБ;Отели;3581;
ВТБ;Отели;3582;
ВТБ;Отели;3583;
ВТБ;Отели;3584;
ВТБ;Отели;3585;
ВТБ;Отели;3586;
ВТБ;Отели;3587;
ВТБ;Отели;3588;
ВТБ;Отели;3589;
ВТБ;Отели;3590;
ВТБ;Отели;3591;
ВТБ;Отели;3592;
ВТБ;Отели;3593;
ВТБ;Отели;3594;
ВТБ;Отели;3595;
ВТБ;Отели;3596;
ВТБ;Отели;3597;
ВТБ;Отели;3598;
ВТБ;Отели;3599;
ВТБ;Отели;3600;
ВТБ;Отели;3601;
ВТБ;Отели;3602;
ВТБ;Отели;3603;
ВТБ;Отели;3604;
ВТБ;Отели;3605;
ВТБ;Отели;3606;
ВТБ;Отели;3607;
ВТБ;Отели;3608;
ВТБ;Отели;3609;
ВТБ;Отели;3610;
ВТБ;Отели;3611;
ВТБ;Отели;3612;
ВТБ;Отели;3613;
ВТБ;Отели;3614;
ВТБ;Отели;3615;
ВТБ;Отели;3616;
ВТБ;Отели;3617;
ВТБ;Отели;3618;
ВТБ;Отели;3619;
ВТБ;Отели;3620;
ВТБ;Отели;3621;
ВТБ;Отели;3622;
ВТБ;Отели;3623;
ВТБ;Отели;3624;
ВТБ;Отели;3625;
ВТБ;Отели;3626;
ВТБ;Отели;3627;
ВТБ;Отели;3628;
ВТБ;Отели;3629;
ВТБ;Отели;3630;
ВТБ;Отели;3631;
ВТБ;Отели;3632;
ВТБ;Отели;3633;
ВТБ;Отели;3634;
ВТБ;Отели;3635;
ВТБ;Отели;3636;
ВТБ;Отели;3637;
ВТБ;Отели;3638;
ВТБ;Отели;3639;
ВТБ;Отели;3640;
ВТБ;Отели;3641;
ВТБ;Отели;3642;
ВТБ;Отели;3643;
ВТБ;Отели;3644;
ВТБ;Отели;3645;
ВТБ;Отели;3646;
ВТБ;Отели;3647;
ВТБ;Отели;3648;
ВТБ;Отели;3649;
ВТБ;Отели;3650;
ВТБ;Отели;3651;
ВТБ;Отели;3652;
ВТБ;Отели;3653;
ВТБ;Отели;3654;
ВТБ;Отели;3655;
ВТБ;Отели;3656;
ВТБ;Отели;3657;
ВТБ;Отели;3658;
ВТБ;Отели;3659;
ВТБ;Отели;3660;
ВТБ;Отели;3661;
ВТБ;Отели;3662;
ВТБ;Отели;3663;
ВТБ;Отели;3664;
ВТБ;Отели;3665;
ВТБ;Отели;3666;
ВТБ;Отели;3667;
ВТБ;Отели;3668;
ВТБ;Отели;3669;
ВТБ;Отели;3670;
ВТБ;Отели;3671;
ВТБ;Отели;3672;
ВТБ;Отели;3673;
ВТБ;Отели;3674;
ВТБ;Отели;3675;
ВТБ;Отели;3676;
ВТБ;Отели;3677;
ВТБ;Отели;3678;
ВТБ;Отели;3679;
ВТБ;Отели;3680;
ВТБ;Отели;3681;
ВТБ;Отели;3682;
ВТБ;Отели;3683;
ВТБ;Отели;3684;
ВТБ;Отели;3685;
ВТБ;Отели;3686;
ВТБ;Отели;3687;
ВТБ;Отели;3688;
ВТБ;Отели;3689;
ВТБ;Отели;3690;
ВТБ;Отели;3691;
ВТБ;Отели;3692;
ВТБ;Отели;3693;
ВТБ;Отели;3694;
ВТБ;Отели;3695;
ВТБ;Отели;3696;
ВТБ;Отели;3697;
ВТБ;Отели;3698;
ВТБ;Отели;3699;
ВТБ;Отели;3700;
ВТБ;Отели;3701;
ВТБ;Отели;3702;
ВТБ;Отели;3703;
ВТБ;Отели;3704;
ВТБ;Отели;3705;
ВТБ;Отели;3706;
ВТБ;Отели;3707;
ВТБ;Отели;3708;
ВТБ;Отели;3709;
ВТБ;Отели;3710;
ВТБ;Отели;3711;
ВТБ;Отели;3712;
ВТБ;Отели;3713;
ВТБ;Отели;3714;
ВТБ;Отели;3715;
ВТБ;Отели;3716;
ВТБ;Отели;3717;
ВТБ;Отели;3718;
ВТБ;Отели;3719;
ВТБ;Отели;3720;
ВТБ;Отели;3721;
ВТБ;Отели;3722;
ВТБ;Отели;3723;
ВТБ;Отели;3724;
ВТБ;Отели;3725;
ВТБ;Отели;3726;
ВТБ;Отели;3727;
ВТБ;Отели;3728;
ВТБ;Отели;3729;
ВТБ;Отели;3730;
ВТБ;Отели;3731;
ВТБ;Отели;3732;
ВТБ;Отели;3733;
ВТБ;Отели;3734;
ВТБ;Отели;3735;
ВТБ;Отели;3736;
ВТБ;Отели;3737;
ВТБ;Отели;3738;
ВТБ;Отели;3739;
ВТБ;Отели;3740;
ВТБ;Отели;3741;
ВТБ;Отели;3742;
ВТБ;Отели;3743;
ВТБ;Отели;3744;
ВТБ;Отели;3745;
ВТБ;Отели;3746;
ВТБ;Отели;3747;
ВТБ;Отели;3748;
ВТБ;Отели;3749;
ВТБ;Отели;3750;
ВТБ;Отели;3751;
ВТБ;Отели;3752;
ВТБ;Отели;3753;
ВТБ;Отели;3754;
ВТБ;Отели;3755;
ВТБ;Отели;3756;
ВТБ;Отели;3757;
ВТБ;Отели;3758;
ВТБ;Отели;3759;
ВТБ;Отели;3760;
ВТБ;Отели;3761;
ВТБ;Отели;3762;
ВТБ;Отели;3763;
ВТБ;Отели;3764;
ВТБ;Отели;3765;
ВТБ;Отели;3766;
ВТБ;Отели;3767;
ВТБ;Отели;3768;
ВТБ;Отели;3769;
ВТБ;Отели;3770;
ВТБ;Отели;3771;
ВТБ;Отели;3772;
ВТБ;Отели;3773;
ВТБ;Отели;3774;
ВТБ;Отели;3775;
ВТБ;Отели;3776;
ВТБ;Отели;3777;
ВТБ;Отели;3778;
ВТБ;Отели;3779;
ВТБ;Отели;3780;
ВТБ;Отели;3781;
ВТБ;Отели;3782;
ВТБ;Отели;3783;
ВТБ;Отели;3784;
ВТБ;Отели;3785;
ВТБ;Отели;3786;
ВТБ;Отели;3787;
ВТБ;Отели;3788;
ВТБ;Отели;3789;
ВТБ;Отели;3790;
ВТБ;Отели;3791;
ВТБ;Отели;3792;
ВТБ;Отели;3793;
ВТБ;Отели;3794;
ВТБ;Отели;3795;
ВТБ;Отели;3796;
ВТБ;Отели;3797;
ВТБ;Отели;3798;
ВТБ;Отели;3799;
ВТБ;Отели;3800;
ВТБ;Отели;3801;
ВТБ;Отели;3802;
ВТБ;Отели;3803;
ВТБ;Отели;3804;
ВТБ;Отели;3805;
ВТБ;Отели;3806;
ВТБ;Отели;3807;
ВТБ;Отели;3808;
ВТБ;Отели;3809;
ВТБ;Отели;3810;
ВТБ;Отели;3811;
ВТБ;Отели;3812;
ВТБ;Отели;3813;
ВТБ;Отели;3814;
ВТБ;Отели;3815;
ВТБ;Отели;3816;
ВТБ;Отели;3817;
ВТБ;Отели;3818;
ВТБ;Отели;3819;
ВТБ;Отели;3820;
ВТБ;Отели;3821;
ВТБ;Отели;3822;
ВТБ;Отели;3823;
ВТБ;Отели;3824;
ВТБ;Отели;3825;
ВТБ;Отели;3826;
ВТБ;Отели;3827;
ВТБ;Отели;3828;
ВТБ;Отели;3829;
ВТБ;Отели;3830;
ВТБ;Отели;3831;
ВТБ;Отели;3832;
ВТБ;Отели;3833;
ВТБ;Отели;3834;
ВТБ;Отели;3835;
ВТБ;Отели;3836;
ВТБ;Отели;7011;
ВТБ;Отели;7012;
ВТБ;Отели;7032;
ВТБ;Отели;7033;
ВТБ;Платные дороги;4784;
ВТБ;Платные дороги;7523;
ВТБ;Продажа авто;5013;
ВТБ;Продажа авто;5271;
ВТБ;Продажа авто;5511;
ВТБ;Продажа авто;5521;
ВТБ;Продажа авто;5551;
ВТБ;Продажа авто;5561;
ВТБ;Продажа авто;5571;
ВТБ;Продажа авто;5592;
ВТБ;Продажа авто;5598;
ВТБ;Продажа авто;5599;
ВТБ;Развлечения;5733;
ВТБ;Развлечения;5947;
ВТБ;Развлечения;5968;
ВТБ;Развлечения;7221;
ВТБ;Развлечения;7333;
ВТБ;Развлечения;7395;
ВТБ;Развлечения;7911;
ВТБ;Развлечения;7929;
ВТБ;Развлечения;7932;
ВТБ;Развлечения;7933;
ВТБ;Развлечения;7991;
ВТБ;Развлечения;7996;
ВТБ;Развлечения;7998;
ВТБ;Развлечения;7999;
ВТБ;Спортивные товары;5655;
ВТБ;Спортивные товары;5940;
ВТБ;Спортивные товары;5941;
ВТБ;Страхование;6300;
ВТБ;Страхование;6381;
ВТБ;Страхование;6399;
ВТБ;Супермаркеты;5411;
ВТБ;Супермаркеты;5412;
ВТБ;Супермаркеты;5422;
ВТБ;Супермаркеты;5441;
ВТБ;Супермаркеты;5451;
ВТБ;Супермаркеты;5462;
ВТБ;Супермаркеты;5499;
ВТБ;Супермаркеты;9751;
ВТБ;Такси;4121;
ВТБ;Театры и кино;7832;
ВТБ;Театры и кино;7833;
ВТБ;Театры и кино;7922;
ВТБ;Транспорт;4111;
ВТБ;Транспорт;4131;
ВТБ;Транспорт;4789;
ВТБ;Турагентства;4411;
ВТБ;Турагентства;4722;
ВТБ;Турагентства;4723;
ВТБ;Турагентства;5962;
ВТБ;Украшения и бижутерия;5094;
ВТБ;Украшения и бижутерия;5944;
ВТБ;Украшения и бижутерия;7631;
ВТБ;Услуги ЖКХ;4900;
ВТБ;Услуги связи;4813;
ВТБ;Услуги связи;4814;
ВТБ;Услуги связи;4815;
ВТБ;Услуги связи;4816;
ВТБ;Услуги связи;4821;
ВТБ;Услуги связи;4899;
ВТБ;Фитнес;7941;
ВТБ;Фитнес;7992;
ВТБ;Фитнес;7997;
ВТБ;Цветы;5193;
ВТБ;Цветы;5992;
ВТБ;Цифровой контент;5734;
ВТБ;Цифровой контент;5735;
ВТБ;Цифровой контент;5815;
ВТБ;Цифровой контент;5816;
ВТБ;Цифровой контент;5817;
ВТБ;Цифровой контент;5818;
ВТБ;Цифровой контент;7829;
ВТБ;Цифровой контент;7841;
ВТБ;Цифровой контент;7993;
ВТБ;Цифровой контент;7994;
ВТБ;Электроника;5044;
ВТБ;Электроника;5045;
ВТБ;Электроника;5722;
ВТБ;Электроника;5732;
ВТБ;Электроника;5946;
ВТБ;Электроника;5997;
Ozon Банк;Авиабилеты;3000;
Ozon Банк;Авиабилеты;3001;
Ozon Банк;Авиабилеты;3002;
Ozon Банк;Авиабилеты;3003;
Ozon Банк;Авиабилеты;3004;
Ozon Банк;Авиабилеты;3005;
Ozon Банк;Авиабилеты;3006;
Ozon Банк;Авиабилеты;3007;
Ozon Банк;Авиабилеты;3008;
Ozon Банк;Авиабилеты;3009;
Ozon Банк;Авиабилеты;3010;
Ozon Банк;Авиабилеты;3011;
Ozon Банк;Авиабилеты;3012;
Ozon Банк;Авиабилеты;3013;
Ozon Банк;Авиабилеты;3014;
Ozon Банк;Авиабилеты;3015;
Ozon Банк;Авиабилеты;3016;
Ozon Банк;Авиабилеты;3017;
Ozon Банк;Авиабилеты;3018;
Ozon Банк;Авиабилеты;3019;
Ozon Банк;Авиабилеты;3020;
Ozon Банк;Авиабилеты;3021;
Ozon Банк;Авиабилеты;3022;
Ozon Банк;Авиабилеты;3023;
Ozon Банк;Авиабилеты;3024;
Ozon Банк;Авиабилеты;3025;
Ozon Банк;Авиабилеты;3026;
Ozon Банк;Авиабилеты;3027;
Ozon Банк;Авиабилеты;3028;
Ozon Банк;Авиабилеты;3029;
Ozon Банк;Авиабилеты;3030;
Ozon Банк;Авиабилеты;3031;
Ozon Банк;Авиабилеты;3032;
Ozon Банк;Авиабилеты;3033;
Ozon Банк;Авиабилеты;3034;
Ozon Банк;Авиабилеты;3035;
Ozon Банк;Авиабилеты;3036;
Ozon Банк;Авиабилеты;3037;
Ozon Банк;Авиабилеты;3038;
Ozon Банк;Авиабилеты;3039;
Ozon Банк;Авиабилеты;3040;
Ozon Банк;Авиабилеты;3041;
Ozon Банк;Авиабилеты;3042;
Ozon Банк;Авиабилеты;3043;
Ozon Банк;Авиабилеты;3044;
Ozon Банк;Авиабилеты;3045;
Ozon Банк;Авиабилеты;3046;
Ozon Банк;Авиабилеты;3047;
Ozon Банк;Авиабилеты;3048;
Ozon Банк;Авиабилеты;3049;
Ozon Банк;Авиабилеты;3050;
Ozon Банк;Авиабилеты;3051;
Ozon Банк;Авиабилеты;3052;
Ozon Банк;Авиабилеты;3053;
Ozon Банк;Авиабилеты;3054;
Ozon Банк;Авиабилеты;3055;
Ozon Банк;Авиабилеты;3056;
Ozon Банк;Авиабилеты;3057;
Ozon Банк;Авиабилеты;3058;
Ozon Банк;Авиабилеты;3059;
Ozon Банк;Авиабилеты;3060;
Ozon Банк;Авиабилеты;3061;
Ozon Банк;Авиабилеты;3062;
Ozon Банк;Авиабилеты;3063;
Ozon Банк;Авиабилеты;3064;
Ozon Банк;Авиабилеты;3065;
Ozon Банк;Авиабилеты;3066;
Ozon Банк;Авиабилеты;3067;
Ozon Банк;Авиабилеты;3068;
Ozon Банк;Авиабилеты;3069;
Ozon Банк;Авиабилеты;3071;
Ozon Банк;Авиабилеты;3072;
Ozon Банк;Авиабилеты;3073;
Ozon Банк;Авиабилеты;3075;
Ozon Банк;Авиабилеты;3076;
Ozon Банк;Авиабилеты;3077;
Ozon Банк;Авиабилеты;3078;
Ozon Банк;Авиабилеты;3079;
Ozon Банк;Авиабилеты;3081;
Ozon Банк;Авиабилеты;3082;
Ozon Банк;Авиабилеты;3083;
Ozon Банк;Авиабилеты;3084;
Ozon Банк;Авиабилеты;3085;
Ozon Банк;Авиабилеты;3086;
Ozon Банк;Авиабилеты;3087;
Ozon Банк;Авиабилеты;3088;
Ozon Банк;Авиабилеты;3089;
Ozon Банк;Авиабилеты;3090;
Ozon Банк;Авиабилеты;3092;
Ozon Банк;Авиабилеты;3093;
Ozon Банк;Авиабилеты;3094;
Ozon Банк;Авиабилеты;3095;
Ozon Банк;Авиабилеты;3096;
Ozon Банк;Авиабилеты;3097;
Ozon Банк;Авиабилеты;3098;
Ozon Банк;Авиабилеты;3099;
Ozon Банк;Авиабилеты;3100;
Ozon Банк;Авиабилеты;3101;
Ozon Банк;Авиабилеты;3102;
Ozon Банк;Авиабилеты;3103;
Ozon Банк;Авиабилеты;3104;
Ozon Банк;Авиабилеты;3105;
Ozon Банк;Авиабилеты;3106;
Ozon Банк;Авиабилеты;3107;
Ozon Банк;Авиабилеты;3109;
Ozon Банк;Авиабилеты;3110;
Ozon Банк;Авиабилеты;3111;
Ozon Банк;Авиабилеты;3112;
Ozon Банк;Авиабилеты;3113;
Ozon Банк;Авиабилеты;3114;
Ozon Банк;Авиабилеты;3115;
Ozon Банк;Авиабилеты;3116;
Ozon Банк;Авиабилеты;3117;
Ozon Банк;Авиабилеты;3118;
Ozon Банк;Авиабилеты;3119;
Ozon Банк;Авиабилеты;3120;
Ozon Банк;Авиабилеты;3121;
Ozon Банк;Авиабилеты;3122;
Ozon Банк;Авиабилеты;3123;
Ozon Банк;Авиабилеты;3124;
Ozon Банк;Авиабилеты;3125;
Ozon Банк;Авиабилеты;3126;
Ozon Банк;Авиабилеты;3127;
Ozon Банк;Авиабилеты;3128;
Ozon Банк;Авиабилеты;3129;
Ozon Банк;Авиабилеты;3130;
Ozon Банк;Авиабилеты;3131;
Ozon Банк;Авиабилеты;3132;
Ozon Банк;Авиабилеты;3133;
Ozon Банк;Авиабилеты;3134;
Ozon Банк;Авиабилеты;3135;
Ozon Банк;Авиабилеты;3136;
Ozon Банк;Авиабилеты;3137;
Ozon Банк;Авиабилеты;3138;
Ozon Банк;Авиабилеты;3139;
Ozon Банк;Авиабилеты;3140;
Ozon Банк;Авиабилеты;3141;
Ozon Банк;Авиабилеты;3142;
Ozon Банк;Авиабилеты;3143;
Ozon Банк;Авиабилеты;3144;
Ozon Банк;Авиабилеты;3145;
Ozon Банк;Авиабилеты;3146;
Ozon Банк;Авиабилеты;3147;
Ozon Банк;Авиабилеты;3148;
Ozon Банк;Авиабилеты;3150;
Ozon Банк;Авиабилеты;3151;
Ozon Банк;Авиабилеты;3152;
Ozon Банк;Авиабилеты;3153;
Ozon Банк;Авиабилеты;3154;
Ozon Банк;Авиабилеты;3155;
Ozon Банк;Авиабилеты;3156;
Ozon Банк;Авиабилеты;3157;
Ozon Банк;Авиабилеты;3158;
Ozon Банк;Авиабилеты;3159;
Ozon Банк;Авиабилеты;3160;
Ozon Банк;Авиабилеты;3161;
Ozon Банк;Авиабилеты;3162;
Ozon Банк;Авиабилеты;3163;
Ozon Банк;Авиабилеты;3164;
Ozon Банк;Авиабилеты;3165;
Ozon Банк;Авиабилеты;3166;
Ozon Банк;Авиабилеты;3167;
Ozon Банк;Авиабилеты;3168;
Ozon Банк;Авиабилеты;3169;
Ozon Банк;Авиабилеты;3170;
Ozon Банк;Авиабилеты;3171;
Ozon Банк;Авиабилеты;3172;
Ozon Банк;Авиабилеты;3173;
Ozon Банк;Авиабилеты;3174;
Ozon Банк;Авиабилеты;3175;
Ozon Банк;Авиабилеты;3176;
Ozon Банк;Авиабилеты;3177;
Ozon Банк;Авиабилеты;3178;
Ozon Банк;Авиабилеты;3179;
Ozon Банк;Авиабилеты;3180;
Ozon Банк;Авиабилеты;3181;
Ozon Банк;Авиабилеты;3182;
Ozon Банк;Авиабилеты;3183;
Ozon Банк;Авиабилеты;3184;
Ozon Банк;Авиабилеты;3185;
Ozon Банк;Авиабилеты;3186;
Ozon Банк;Авиабилеты;3187;
Ozon Банк;Авиабилеты;3188;
Ozon Банк;Авиабилеты;3189;
Ozon Банк;Авиабилеты;3190;
Ozon Банк;Авиабилеты;3191;
Ozon Банк;Авиабилеты;3192;
Ozon Банк;Авиабилеты;3193;
Ozon Банк;Авиабилеты;3194;
Ozon Банк;Авиабилеты;3195;
Ozon Банк;Авиабилеты;3196;
Ozon Банк;Авиабилеты;3197;
Ozon Банк;Авиабилеты;3198;
Ozon Банк;Авиабилеты;3199;
Ozon Банк;Авиабилеты;3200;
Ozon Банк;Авиабилеты;3201;
Ozon Банк;Авиабилеты;3202;
Ozon Банк;Авиабилеты;3203;
Ozon Банк;Авиабилеты;3204;
Ozon Банк;Авиабилеты;3205;
Ozon Банк;Авиабилеты;3206;
Ozon Банк;Авиабилеты;3207;
Ozon Банк;Авиабилеты;3208;
Ozon Банк;Авиабилеты;3209;
Ozon Банк;Авиабилеты;3210;
Ozon Банк;Авиабилеты;3211;
Ozon Банк;Авиабилеты;3212;
Ozon Банк;Авиабилеты;3213;
Ozon Банк;Авиабилеты;3214;
Ozon Банк;Авиабилеты;3215;
Ozon Банк;Авиабилеты;3216;
Ozon Банк;Авиабилеты;3217;
Ozon Банк;Авиабилеты;3218;
Ozon Банк;Авиабилеты;3219;
Ozon Банк;Авиабилеты;3220;
Ozon Банк;Авиабилеты;3221;
Ozon Банк;Авиабилеты;3222;
Ozon Банк;Авиабилеты;3223;
Ozon Банк;Авиабилеты;3224;
Ozon Банк;Авиабилеты;3225;
Ozon Банк;Авиабилеты;3226;
Ozon Банк;Авиабилеты;3227;
Ozon Банк;Авиабилеты;3228;
Ozon Банк;Авиабилеты;3229;
Ozon Банк;Авиабилеты;3230;
Ozon Банк;Авиабилеты;3231;
Ozon Банк;Авиабилеты;3232;
Ozon Банк;Авиабилеты;3233;
Ozon Банк;Авиабилеты;3234;
Ozon Банк;Авиабилеты;3235;
Ozon Банк;Авиабилеты;3236;
Ozon Банк;Авиабилеты;3237;
Ozon Банк;Авиабилеты;3238;
Ozon Банк;Авиабилеты;3239;
Ozon Банк;Авиабилеты;3240;
Ozon Банк;Авиабилеты;3241;
Ozon Банк;Авиабилеты;3242;
Ozon Банк;Авиабилеты;3243;
Ozon Банк;Авиабилеты;3244;
Ozon Банк;Авиабилеты;3245;
Ozon Банк;Авиабилеты;3246;
Ozon Банк;Авиабилеты;3247;
Ozon Банк;Авиабилеты;3248;
Ozon Банк;Авиабилеты;3249;
Ozon Банк;Авиабилеты;3250;
Ozon Банк;Авиабилеты;3251;
Ozon Банк;Авиабилеты;3252;
Ozon Банк;Авиабилеты;3253;
Ozon Банк;Авиабилеты;3254;
Ozon Банк;Авиабилеты;3256;
Ozon Банк;Авиабилеты;3257;
Ozon Банк;Авиабилеты;3258;
Ozon Банк;Авиабилеты;3259;
Ozon Банк;Авиабилеты;3260;
Ozon Банк;Авиабилеты;3261;
Ozon Банк;Авиабилеты;3262;
Ozon Банк;Авиабилеты;3263;
Ozon Банк;Авиабилеты;3264;
Ozon Банк;Авиабилеты;3265;
Ozon Банк;Авиабилеты;3266;
Ozon Банк;Авиабилеты;3267;
Ozon Банк;Авиабилеты;3268;
Ozon Банк;Авиабилеты;3270;
Ozon Банк;Авиабилеты;3274;
Ozon Банк;Авиабилеты;3275;
Ozon Банк;Авиабилеты;3276;
Ozon Банк;Авиабилеты;3277;
Ozon Банк;Авиабилеты;3278;
Ozon Банк;Авиабилеты;3279;
Ozon Банк;Авиабилеты;3280;
Ozon Банк;Авиабилеты;3281;
Ozon Банк;Авиабилеты;3282;
Ozon Банк;Авиабилеты;3283;
Ozon Банк;Авиабилеты;3284;
Ozon Банк;Авиабилеты;3285;
Ozon Банк;Авиабилеты;3286;
Ozon Банк;Авиабилеты;3287;
Ozon Банк;Авиабилеты;3288;
Ozon Банк;Авиабилеты;3289;
Ozon Банк;Авиабилеты;3290;
Ozon Банк;Авиабилеты;3291;
Ozon Банк;Авиабилеты;3292;
Ozon Банк;Авиабилеты;3293;
Ozon Банк;Авиабилеты;3294;
Ozon Банк;Авиабилеты;3295;
Ozon Банк;Авиабилеты;3296;
Ozon Банк;Авиабилеты;3297;
Ozon Банк;Авиабилеты;3298;
Ozon Банк;Авиабилеты;3299;
Ozon Банк;Авиабилеты;3300;
Ozon Банк;Авиабилеты;3301;
Ozon Банк;Авиабилеты;3302;
Ozon Банк;Авиабилеты;4304;
Ozon Банк;Авиабилеты;4511;
Ozon Банк;Авиабилеты;4582;
Ozon Банк;Автоуслуги;5531;
Ozon Банк;Автоуслуги;5532;
Ozon Банк;Автоуслуги;5533;
Ozon Банк;Автоуслуги;5571;
Ozon Банк;Автоуслуги;7531;
Ozon Банк;Автоуслуги;7534;
Ozon Банк;Автоуслуги;7535;
Ozon Банк;Автоуслуги;7538;
Ozon Банк;Автоуслуги;7542;
Ozon Банк;Автоуслуги;7549;
Ozon Банк;Аптеки;5122;
Ozon Банк;Аптеки;5912;
Ozon Банк;Ветклиники и зоомагазины;0742;
Ozon Банк;Ветклиники и зоомагазины;5995;
Ozon Банк;Выставки и музеи;7991;
Ozon Банк;Дом и ремонт;0780;
Ozon Банк;Дом и ремонт;1520;
Ozon Банк;Дом и ремонт;1711;
Ozon Банк;Дом и ремонт;1731;
Ozon Банк;Дом и ремонт;1740;
Ozon Банк;Дом и ремонт;1750;
Ozon Банк;Дом и ремонт;1761;
Ozon Банк;Дом и ремонт;1771;
Ozon Банк;Дом и ремонт;5021;
Ozon Банк;Дом и ремонт;5039;
Ozon Банк;Дом и ремонт;5046;
Ozon Банк;Дом и ремонт;5065;
Ozon Банк;Дом и ремонт;5072;
Ozon Банк;Дом и ремонт;5074;
Ozon Банк;Дом и ремонт;5085;
Ozon Банк;Дом и ремонт;5198;
Ozon Банк;Дом и ремонт;5200;
Ozon Банк;Дом и ремонт;5211;
Ozon Банк;Дом и ремонт;5231;
Ozon Банк;Дом и ремонт;5251;
Ozon Банк;Дом и ремонт;5261;
Ozon Банк;Дом и ремонт;5415;
Ozon Банк;Дом и ремонт;5712;
Ozon Банк;Дом и ремонт;5713;
Ozon Банк;Дом и ремонт;5714;
Ozon Банк;Дом и ремонт;5718;
Ozon Банк;Дом и ремонт;5719;
Ozon Банк;Дом и ремонт;7622;
Ozon Банк;Дом и ремонт;7623;
Ozon Банк;Дом и ремонт;7629;
Ozon Банк;Дом и ремонт;7641;
Ozon Банк;Дом и ремонт;7692;
Ozon Банк;Дом и ремонт;7699;
Ozon Банк;ЖД билеты;4011;
Ozon Банк;ЖД билеты;4112;
Ozon Банк;Искусство;5932;
Ozon Банк;Искусство;5937;
Ozon Банк;Искусство;5970;
Ozon Банк;Искусство;5971;
Ozon Банк;Искусство;5972;
Ozon Банк;Искусство;5973;
Ozon Банк;Каршеринг;3351;
Ozon Банк;Каршеринг;3352;
Ozon Банк;Каршеринг;3353;
Ozon Банк;Каршеринг;3354;
Ozon Банк;Каршеринг;3355;
Ozon Банк;Каршеринг;3356;
Ozon Банк;Каршеринг;3357;
Ozon Банк;Каршеринг;3358;
Ozon Банк;Каршеринг;3359;
Ozon Банк;Каршеринг;3360;
Ozon Банк;Каршеринг;3361;
Ozon Банк;Каршеринг;3362;
Ozon Банк;Каршеринг;3363;
Ozon Банк;Каршеринг;3364;
Ozon Банк;Каршеринг;3365;
Ozon Банк;Каршеринг;3366;
Ozon Банк;Каршеринг;3367;
Ozon Банк;Каршеринг;3368;
Ozon Банк;Каршеринг;3369;
Ozon Банк;Каршеринг;3370;
Ozon Банк;Каршеринг;3371;
Ozon Банк;Каршеринг;3372;
Ozon Банк;Каршеринг;3373;
Ozon Банк;Каршеринг;3374;
Ozon Банк;Каршеринг;3375;
Ozon Банк;Каршеринг;3376;
Ozon Банк;Каршеринг;3377;
Ozon Банк;Каршеринг;3378;
Ozon Банк;Каршеринг;3379;
Ozon Банк;Каршеринг;3380;
Ozon Банк;Каршеринг;3381;
Ozon Банк;Каршеринг;3382;
Ozon Банк;Каршеринг;3383;
Ozon Банк;Каршеринг;3384;
Ozon Банк;Каршеринг;3385;
Ozon Банк;Каршеринг;3386;
Ozon Банк;Каршеринг;3387;
Ozon Банк;Каршеринг;3388;
Ozon Банк;Каршеринг;3389;
Ozon Банк;Каршеринг;3390;
Ozon Банк;Каршеринг;3391;
Ozon Банк;Каршеринг;3392;
Ozon Банк;Каршеринг;3393;
Ozon Банк;Каршеринг;3394;
Ozon Банк;Каршеринг;3395;
Ozon Банк;Каршеринг;3396;
Ozon Банк;Каршеринг;3397;
Ozon Банк;Каршеринг;3398;
Ozon Банк;Каршеринг;3399;
Ozon Банк;Каршеринг;3400;
Ozon Банк;Каршеринг;3401;
Ozon Банк;Каршеринг;3402;
Ozon Банк;Каршеринг;3403;
Ozon Банк;Каршеринг;3404;
Ozon Банк;Каршеринг;3405;
Ozon Банк;Каршеринг;3406;
Ozon Банк;Каршеринг;3407;
Ozon Банк;Каршеринг;3408;
Ozon Банк;Каршеринг;3409;
Ozon Банк;Каршеринг;3410;
Ozon Банк;Каршеринг;3412;
Ozon Банк;Каршеринг;3413;
Ozon Банк;Каршеринг;3414;
Ozon Банк;Каршеринг;3415;
Ozon Банк;Каршеринг;3416;
Ozon Банк;Каршеринг;3417;
Ozon Банк;Каршеринг;3418;
Ozon Банк;Каршеринг;3419;
Ozon Банк;Каршеринг;3420;
Ozon Банк;Каршеринг;3421;
Ozon Банк;Каршеринг;3422;
Ozon Банк;Каршеринг;3423;
Ozon Банк;Каршеринг;3425;
Ozon Банк;Каршеринг;3426;
Ozon Банк;Каршеринг;3427;
Ozon Банк;Каршеринг;3428;
Ozon Банк;Каршеринг;3429;
Ozon Банк;Каршеринг;3430;
Ozon Банк;Каршеринг;3431;
Ozon Банк;Каршеринг;3432;
Ozon Банк;Каршеринг;3433;
Ozon Банк;Каршеринг;3434;
Ozon Банк;Каршеринг;3435;
Ozon Банк;Каршеринг;3436;
Ozon Банк;Каршеринг;3437;
Ozon Банк;Каршеринг;3438;
Ozon Банк;Каршеринг;3439;
Ozon Банк;Каршеринг;3440;
Ozon Банк;Каршеринг;3441;
Ozon Банк;Каршеринг;7512;
Ozon Банк;Книги;2741;
Ozon Банк;Книги;5111;
Ozon Банк;Книги;5192;
Ozon Банк;Книги;5942;
Ozon Банк;Книги;5994;
Ozon Банк;Косметика;5977;
Ozon Банк;Медицинские клиники;5975;
Ozon Банк;Медицинские клиники;5976;
Ozon Банк;Медицинские клиники;8011;
Ozon Банк;Медицинские клиники;8021;
Ozon Банк;Медицинские клиники;8031;
Ozon Банк;Медицинские клиники;8041;
Ozon Банк;Медицинские клиники;8042;
Ozon Банк;Медицинские клиники;8043;
Ozon Банк;Медицинские клиники;8044;
Ozon Банк;Медицинские клиники;8049;
Ozon Банк;Медицинские клиники;8050;
Ozon Банк;Медицинские клиники;8062;
Ozon Банк;Медицинские клиники;8071;
Ozon Банк;Медицинские клиники;8099;
Ozon Банк;Музыка;5733;
Ozon Банк;Музыка;5735;
Ozon Банк;Образование;8211;
Ozon Банк;Образование;8220;
Ozon Банк;Образование;8241;
Ozon Банк;Образование;8244;
Ozon Банк;Образование;8249;
Ozon Банк;Образование;8299;
Ozon Банк;Образование;8351;
Ozon Банк;Одежда и обувь;5137;
Ozon Банк;Одежда и обувь;5139;
Ozon Банк;Одежда и обувь;5611;
Ozon Банк;Одежда и обувь;5621;
Ozon Банк;Одежда и обувь;5631;
Ozon Банк;Одежда и обувь;5641;
Ozon Банк;Одежда и обувь;5651;
Ozon Банк;Одежда и обувь;5661;
Ozon Банк;Одежда и обувь;5681;
Ozon Банк;Одежда и обувь;5691;
Ozon Банк;Одежда и обувь;5697;
Ozon Банк;Одежда и обувь;5698;
Ozon Банк;Одежда и обувь;5699;
Ozon Банк;Одежда и обувь;5931;
Ozon Банк;Одежда и обувь;5944;
Ozon Банк;Одежда и обувь;5949;
Ozon Банк;Одежда и обувь;5950;
Ozon Банк;Одежда и обувь;7631;
Ozon Банк;Отели;3501;
Ozon Банк;Отели;3502;
Ozon Банк;Отели;3503;
Ozon Банк;Отели;3504;
Ozon Банк;Отели;3505;
Ozon Банк;Отели;3506;
Ozon Банк;Отели;3507;
Ozon Банк;Отели;3508;
Ozon Банк;Отели;3509;
Ozon Банк;Отели;3510;
Ozon Банк;Отели;3511;
Ozon Банк;Отели;3512;
Ozon Банк;Отели;3513;
Ozon Банк;Отели;3514;
Ozon Банк;Отели;3515;
Ozon Банк;Отели;3516;
Ozon Банк;Отели;3517;
Ozon Банк;Отели;3518;
Ozon Банк;Отели;3519;
Ozon Банк;Отели;3520;
Ozon Банк;Отели;3521;
Ozon Банк;Отели;3522;
Ozon Банк;Отели;3523;
Ozon Банк;Отели;3524;
Ozon Банк;Отели;3525;
Ozon Банк;Отели;3526;
Ozon Банк;Отели;3527;
Ozon Банк;Отели;3528;
Ozon Банк;Отели;3529;
Ozon Банк;Отели;3530;
Ozon Банк;Отели;3531;
Ozon Банк;Отели;3532;
Ozon Банк;Отели;3533;
Ozon Банк;Отели;3534;
Ozon Банк;Отели;3535;
Ozon Банк;Отели;3536;
Ozon Банк;Отели;3537;
Ozon Банк;Отели;3538;
Ozon Банк;Отели;3539;
Ozon Банк;Отели;3540;
Ozon Банк;Отели;3541;
Ozon Банк;Отели;3542;
Ozon Банк;Отели;3543;
Ozon Банк;Отели;3544;
Ozon Банк;Отели;3545;
Ozon Банк;Отели;3546;
Ozon Банк;Отели;3547;
Ozon Банк;Отели;3548;
Ozon Банк;Отели;3549;
Ozon Банк;Отели;3550;
Ozon Банк;Отели;3551;
Ozon Банк;Отели;3552;
Ozon Банк;Отели;3553;
Ozon Банк;Отели;3554;
Ozon Банк;Отели;3555;
Ozon Банк;Отели;3556;
Ozon Банк;Отели;3557;
Ozon Банк;Отели;3558;
Ozon Банк;Отели;3559;
Ozon Банк;Отели;3560;
Ozon Банк;Отели;3561;
Ozon Банк;Отели;3562;
Ozon Банк;Отели;3563;
Ozon Банк;Отели;3564;
Ozon Банк;Отели;3565;
Ozon Банк;Отели;3566;
Ozon Банк;Отели;3567;
Ozon Банк;Отели;3568;
Ozon Банк;Отели;3569;
Ozon Банк;Отели;3570;
Ozon Банк;Отели;3571;
Ozon Банк;Отели;3572;
Ozon Банк;Отели;3573;
Ozon Банк;Отели;3574;
Ozon Банк;Отели;3575;
Ozon Банк;Отели;3576;
Ozon Банк;Отели;3577;
Ozon Банк;Отели;3578;
Ozon Банк;Отели;3579;
Ozon Банк;Отели;3580;
Ozon Банк;Отели;3581;
Ozon Банк;Отели;3582;
Ozon Банк;Отели;3583;
Ozon Банк;Отели;3584;
Ozon Банк;Отели;3585;
Ozon Банк;Отели;3586;
Ozon Банк;Отели;3587;
Ozon Банк;Отели;3588;
Ozon Банк;Отели;3589;
Ozon Банк;Отели;3590;
Ozon Банк;Отели;3591;
Ozon Банк;Отели;3592;
Ozon Банк;Отели;3593;
Ozon Банк;Отели;3594;
Ozon Банк;Отели;3595;
Ozon Банк;Отели;3596;
Ozon Банк;Отели;3597;
Ozon Банк;Отели;3598;
Ozon Банк;Отели;3599;
Ozon Банк;Отели;3600;
Ozon Банк;Отели;3601;
Ozon Банк;Отели;3602;
Ozon Банк;Отели;3603;
Ozon Банк;Отели;3604;
Ozon Банк;Отели;3605;
Ozon Банк;Отели;3606;
Ozon Банк;Отели;3607;
Ozon Банк;Отели;3608;
Ozon Банк;Отели;3609;
Ozon Банк;Отели;3610;
Ozon Банк;Отели;3611;
Ozon Банк;Отели;3612;
Ozon Банк;Отели;3613;
Ozon Банк;Отели;3614;
Ozon Банк;Отели;3615;
Ozon Банк;Отели;3616;
Ozon Банк;Отели;3617;
Ozon Банк;Отели;3618;
Ozon Банк;Отели;3619;
Ozon Банк;Отели;3620;
Ozon Банк;Отели;3621;
Ozon Банк;Отели;3622;
Ozon Банк;Отели;3623;
Ozon Банк;Отели;3624;
Ozon Банк;Отели;3625;
Ozon Банк;Отели;3626;
Ozon Банк;Отели;3627;
Ozon Банк;Отели;3628;
Ozon Банк;Отели;3629;
Ozon Банк;Отели;3630;
Ozon Банк;Отели;3631;
Ozon Банк;Отели;3632;
Ozon Банк;Отели;3633;
Ozon Банк;Отели;3634;
Ozon Банк;Отели;3635;
Ozon Банк;Отели;3636;
Ozon Банк;Отели;3637;
Ozon Банк;Отели;3638;
Ozon Банк;Отели;3639;
Ozon Банк;Отели;3640;
Ozon Банк;Отели;3641;
Ozon Банк;Отели;3642;
Ozon Банк;Отели;3643;
Ozon Банк;Отели;3644;
Ozon Банк;Отели;3645;
Ozon Банк;Отели;3646;
Ozon Банк;Отели;3647;
Ozon Банк;Отели;3648;
Ozon Банк;Отели;3649;
Ozon Банк;Отели;3650;
Ozon Банк;Отели;3651;
Ozon Банк;Отели;3652;
Ozon Банк;Отели;3653;
Ozon Банк;Отели;3654;
Ozon Банк;Отели;3655;
Ozon Банк;Отели;3656;
Ozon Банк;Отели;3657;
Ozon Банк;Отели;3658;
Ozon Банк;Отели;3659;
Ozon Банк;Отели;3660;
Ozon Банк;Отели;3661;
Ozon Банк;Отели;3662;
Ozon Банк;Отели;3663;
Ozon Банк;Отели;3664;
Ozon Банк;Отели;3665;
Ozon Банк;Отели;3666;
Ozon Банк;Отели;3667;
Ozon Банк;Отели;3668;
Ozon Банк;Отели;3669;
Ozon Банк;Отели;3670;
Ozon Банк;Отели;3671;
Ozon Банк;Отели;3672;
Ozon Банк;Отели;3673;
Ozon Банк;Отели;3674;
Ozon Банк;Отели;3675;
Ozon Банк;Отели;3676;
Ozon Банк;Отели;3677;
Ozon Банк;Отели;3678;
Ozon Банк;Отели;3679;
Ozon Банк;Отели;3680;
Ozon Банк;Отели;3681;
Ozon Банк;Отели;3682;
Ozon Банк;Отели;3683;
Ozon Банк;Отели;3684;
Ozon Банк;Отели;3685;
Ozon Банк;Отели;3686;
Ozon Банк;Отели;3687;
Ozon Банк;Отели;3688;
Ozon Банк;Отели;3689;
Ozon Банк;Отели;3690;
Ozon Банк;Отели;3691;
Ozon Банк;Отели;3692;
Ozon Банк;Отели;3693;
Ozon Банк;Отели;3694;
Ozon Банк;Отели;3695;
Ozon Банк;Отели;3696;
Ozon Банк;Отели;3697;
Ozon Банк;Отели;3698;
Ozon Банк;Отели;3699;
Ozon Банк;Отели;3700;
Ozon Банк;Отели;3701;
Ozon Банк;Отели;3702;
Ozon Банк;Отели;3703;
Ozon Банк;Отели;3704;
Ozon Банк;Отели;3705;
Ozon Банк;Отели;3706;
Ozon Банк;Отели;3707;
Ozon Банк;Отели;3708;
Ozon Банк;Отели;3709;
Ozon Банк;Отели;3710;
Ozon Банк;Отели;3711;
Ozon Банк;Отели;3712;
Ozon Банк;Отели;3713;
Ozon Банк;Отели;3714;
Ozon Банк;Отели;3715;
Ozon Банк;Отели;3716;
Ozon Банк;Отели;3717;
Ozon Банк;Отели;3718;
Ozon Банк;Отели;3719;
Ozon Банк;Отели;3720;
Ozon Банк;Отели;3721;
Ozon Банк;Отели;3722;
Ozon Банк;Отели;3723;
Ozon Банк;Отели;3724;
Ozon Банк;Отели;3725;
Ozon Банк;Отели;3726;
Ozon Банк;Отели;3727;
Ozon Банк;Отели;3728;
Ozon Банк;Отели;3729;
Ozon Банк;Отели;3730;
Ozon Банк;Отели;3731;
Ozon Банк;Отели;3732;
Ozon Банк;Отели;3733;
Ozon Банк;Отели;3734;
Ozon Банк;Отели;3735;
Ozon Банк;Отели;3736;
Ozon Банк;Отели;3737;
Ozon Банк;Отели;3738;
Ozon Банк;Отели;3739;
Ozon Банк;Отели;3740;
Ozon Банк;Отели;3741;
Ozon Банк;Отели;3742;
Ozon Банк;Отели;3743;
Ozon Банк;Отели;3744;
Ozon Банк;Отели;3745;
Ozon Банк;Отели;3746;
Ozon Банк;Отели;3747;
Ozon Банк;Отели;3748;
Ozon Банк;Отели;3749;
Ozon Банк;Отели;3750;
Ozon Банк;Отели;3751;
Ozon Банк;Отели;3752;
Ozon Банк;Отели;3753;
Ozon Банк;Отели;3754;
Ozon Банк;Отели;3755;
Ozon Банк;Отели;3756;
Ozon Банк;Отели;3757;
Ozon Банк;Отели;3758;
Ozon Банк;Отели;3759;
Ozon Банк;Отели;3760;
Ozon Банк;Отели;3761;
Ozon Банк;Отели;3762;
Ozon Банк;Отели;3763;
Ozon Банк;Отели;3764;
Ozon Банк;Отели;3765;
Ozon Банк;Отели;3766;
Ozon Банк;Отели;3767;
Ozon Банк;Отели;3768;
Ozon Банк;Отели;3769;
Ozon Банк;Отели;3770;
Ozon Банк;Отели;3771;
Ozon Банк;Отели;3772;
Ozon Банк;Отели;3773;
Ozon Банк;Отели;3774;
Ozon Банк;Отели;3775;
Ozon Банк;Отели;3776;
Ozon Банк;Отели;3777;
Ozon Банк;Отели;3778;
Ozon Банк;Отели;3779;
Ozon Банк;Отели;3780;
Ozon Банк;Отели;3781;
Ozon Банк;Отели;3782;
Ozon Банк;Отели;3783;
Ozon Банк;Отели;3784;
Ozon Банк;Отели;3785;
Ozon Банк;Отели;3786;
Ozon Банк;Отели;3787;
Ozon Банк;Отели;3788;
Ozon Банк;Отели;3789;
Ozon Банк;Отели;3790;
Ozon Банк;Отели;3791;
Ozon Банк;Отели;3792;
Ozon Банк;Отели;3793;
Ozon Банк;Отели;3794;
Ozon Банк;Отели;3795;
Ozon Банк;Отели;3796;
Ozon Банк;Отели;3797;
Ozon Банк;Отели;3798;
Ozon Банк;Отели;3799;
Ozon Банк;Отели;3800;
Ozon Банк;Отели;3801;
Ozon Банк;Отели;3802;
Ozon Банк;Отели;3803;
Ozon Банк;Отели;3804;
Ozon Банк;Отели;3805;
Ozon Банк;Отели;3806;
Ozon Банк;Отели;3807;
Ozon Банк;Отели;3808;
Ozon Банк;Отели;3809;
Ozon Банк;Отели;3810;
Ozon Банк;Отели;3811;
Ozon Банк;Отели;3812;
Ozon Банк;Отели;3813;
Ozon Банк;Отели;3814;
Ozon Банк;Отели;3815;
Ozon Банк;Отели;3816;
Ozon Банк;Отели;3817;
Ozon Банк;Отели;3818;
Ozon Банк;Отели;3819;
Ozon Банк;Отели;3820;
Ozon Банк;Отели;3821;
Ozon Банк;Отели;3822;
Ozon Банк;Отели;3823;
Ozon Банк;Отели;3824;
Ozon Банк;Отели;3825;
Ozon Банк;Отели;3826;
Ozon Банк;Отели;3827;
Ozon Банк;Отели;3832;
Ozon Банк;Отели;3833;
Ozon Банк;Отели;3834;
Ozon Банк;Отели;3835;
Ozon Банк;Отели;3836;
Ozon Банк;Отели;3837;
Ozon Банк;Отели;3838;
Ozon Банк;Отели;4722;
Ozon Банк;Отели;7011;
Ozon Банк;Развлечения;5816;
Ozon Банк;Развлечения;5968;
Ozon Банк;Развлечения;7829;
Ozon Банк;Развлечения;7832;
Ozon Банк;Развлечения;7841;
Ozon Банк;Развлечения;7911;
Ozon Банк;Развлечения;7922;
Ozon Банк;Развлечения;7929;
Ozon Банк;Развлечения;7932;
Ozon Банк;Развлечения;7933;
Ozon Банк;Развлечения;7992;
Ozon Банк;Развлечения;7993;
Ozon Банк;Развлечения;7994;
Ozon Банк;Развлечения;7996;
Ozon Банк;Развлечения;7998;
Ozon Банк;Развлечения;7999;
Ozon Банк;Развлечения;8664;
Ozon Банк;Рестораны;5811;
Ozon Банк;Рестораны;5812;
Ozon Банк;Рестораны;5813;
Ozon Банк;Салоны красоты и СПА;7230;
Ozon Банк;Салоны красоты и СПА;7297;
Ozon Банк;Салоны красоты и СПА;7298;
Ozon Банк;Спорттовары;5655;
Ozon Банк;Спорттовары;5940;
Ozon Банк;Спорттовары;5941;
Ozon Банк;Супермаркеты;5297;
Ozon Банк;Супермаркеты;5298;
Ozon Банк;Супермаркеты;5300;
Ozon Банк;Супермаркеты;5411;
Ozon Банк;Супермаркеты;5412;
Ozon Банк;Супермаркеты;5422;
Ozon Банк;Супермаркеты;5441;
Ozon Банк;Супермаркеты;5451;
Ozon Банк;Супермаркеты;5462;
Ozon Банк;Супермаркеты;5499;
Ozon Банк;Супермаркеты;5715;
Ozon Банк;Такси;4121;
Ozon Банк;Топливо и АЗС;5172;
Ozon Банк;Топливо и АЗС;5541;
Ozon Банк;Топливо и АЗС;5542;
Ozon Банк;Топливо и АЗС;5983;
Ozon Банк;Транспорт;4111;
Ozon Банк;Транспорт;4131;
Ozon Банк;Транспорт;4457;
Ozon Банк;Транспорт;4468;
Ozon Банк;Транспорт;4789;
Ozon Банк;Транспорт;5013;
Ozon Банк;Транспорт;5561;
Ozon Банк;Транспорт;5592;
Ozon Банк;Транспорт;5598;
Ozon Банк;Транспорт;5599;
Ozon Банк;Транспорт;7523;
Ozon Банк;Фастфуд;5814;
Ozon Банк;Фитнес;7941;
Ozon Банк;Фитнес;7997;
Ozon Банк;Фото и видео;5045;
Ozon Банк;Фото и видео;7332;
Ozon Банк;Фото и видео;7333;
Ozon Банк;Фото и видео;7338;
Ozon Банк;Фото и видео;7339;
Ozon Банк;Фото и видео;7395;
Ozon Банк;Химчистки;7216;
Ozon Банк;Цветы;5193;
Ozon Банк;Цветы;5992;
Ozon Банк;Электроника и бытовая техника;5722;
Ozon Банк;Электроника и бытовая техника;5732;
Ozon Банк;Электроника и бытовая техника;5946;
